Track Name,Film,Video ID
Aanaal,,IL8C3CeabFM
Enna Saththam Indha Neram,,an6IBTTwdNA
Ennai Thalatta Varuvala (Ilayaraja),,ehiCbLTIEaA
Illamai Etho Ehto,,5WYn4EttvQY
Kaatrai Konjam,,BUr2eNYcrAw
Karpoora Bommai,,cfOLbUiTtVQ
Mannil Indha,,SbKaWenqyow
Nilaave Vaa,,K_fN5yysMHg
"Ola Kudisaiyile (From ""Ore Oru Gramathiley"")",,kOhf2aZ2Fvs
Paavi Nenjae,,wMKbYQ7EAY4
Sangeetha Jathimullai,,2LEFgK4p8bQ
Sangeetha Megam,,tlvMFB4RWXo
Vaa Vaa Anbe,,mn9t5mzITcM
Vanthal Maghalakshmiye,,1rJUnFuoDOs
Yedhedho Ennam Valarthen,,o8AJsGjZvAI
Yethetho,,X_RZrmDsQY0
Kuyile Kuyile Poonguyile,Aan Paavam,NZOPIiDkkaQ
Oru Kili,Aanandha Kummi,OyJmc-iG_jI
Pesa Koodaathu,Adutha Vaarisu,eg73lL2HXhc
Roja Ponthottam,Alai Osai,FBC_sh7WIco
Kalyaana Chelai,Ambikai Neril Vandhal,itSoAH6edxs
I Want to Tell You Something,Anand,q5hYozQDef4
Kanmanikku Vazhthu (F),Annan,EwhUbJ1xUvg
"Unnai Ennakku (From ""Azhagar Malai"")",Azhagar Malai,gRekn4GcNvE
Enna Paattu Paada,Chakkalatthi,xlnJgYN6LBE
Sundari Yeh Jeevan Tera,Dal-Pati,xCrV8paEE0U
Thenmadurai Vaigai Nadhi,Dharmathin Thalaivan (Original Motion Picture Soundtrack),ASmkb3qeYt8
Paarijatha Poove,En Rasavin Manasile,LVtW6XLKGjo
Malare Pesu,Geethanjali,7zIt-rP6Wns
Thulli Ezhunthathu Paattu,Geethanjali,dNMT2nKBojo
"Kanmani Anbodu Kadhalan (From ""Guna"")",Guna (Original Motion Picture Soundtrack),meYkc2jbioA
Don't Compare,How to Name It?,g0etsuWWsYQ
Thottaalae Podhum,Iniya Uravu Poothathu,qS8adOK2DKg
Pala Raathiri Pochu,Iravu Pookkal,733qbq5EvsI
Enakku Piditha Paadal (Reprise),Julie Ganapathi,rOPXKP7d9p8
Adi Aathadi (Sad),Kadalora Kavithaigal,Nh3CWZu_24o
"Endhan Nenjil (From ""Kalaingnan"")",Kalaingnan,Pshz1JXlpv8
Maalaiveiyazhaki,Kannathal,AWDW2eCJZ00
Sugaraagame,Kanni Raasi,dcU_4UOa_HI
Aadhiyusha Sandhya,Kerala Varma Pazhassi Raja,DcHuFGLDx-k
Mylapore Pakkam Mayilai,Kokkarako,KkhLvVF7f0Y
Edho Mogam,Kozhi Koovuthu,yDS4oWNKUbE
Pavala Malligai,Mandhira Punnagai,rP3HEaxXqiY
Poththi Vacha (Duet),Mann Vaasanai,AEUIsQzz4ik
"O Babuaa Yeh Mahua (From ""Sadma"")",MasterWorks - Asha Bhosle,ntkmklxtivo
Ponmeni Uruguthey,Moondram Pirai,IAWUBA6af6g
Devan Kovil (Duet),Naan Paadum Paadal,UYrP7T3yJCA
Naan Pooveduthu,Naanum Oru Thozhilaali,ri2A7AAknxQ
Love Theme,Ninaivellam Nithya,LzPJLbfx2HY
Vizhiyile Mani,Nooravathu Naal,Q1_JmbkYcFg
En Thegam Amudham,Oru Odai Nadhiyagirathu,jbC8GkOMbHo
Baby,Oruvar Vaazhum Aalayam,qo_UZeCGdbw
Keeravani,Paadum Paravaigal,-k7l1bmi-0Y
Oru Killiyin (Duet),Poovizhi Vaasalile,tSPMPTOqMqw
Paattu Ingae,Poovizhi Vaasalile,-gIZIlzkDJM
Adi Raanimangamma,Poruthathu Pothum,rbkjmE7oGYk
Raathiri Thookam,Poruthathu Pothum,3tC9AesXif4
Manam Pola,Pudhupatti Ponnuthaayee,JLRcSDrsLcc
Kadhal Mayakkam (Version 1),Pudumai penn,_Gm0XOvdZJ8
One Two Three,Punnagai Mannan,mUsL9fX-FQM
Vaan Megam Poo Poovaai,Punnagai Mannan,ySjBi4cSMQs
Melamasi Veethiyele,Punniya Vathi,JNcHICy24Wg
Aadaiyil Aadum,Raaja Rishi,MVFW6H2p-R0
Raja Raja Chozhan,Rettai Vaal Kuruvi (Original Motion Picture Soundtrack),HyQvSZzBz_w
Yeh Hava Yeh Fiza,Sadma,QlA5CdGHn4k
Nila Kayuthu Neram Nalla Neram (Version 2),Sakalakala Vallavan,_VsXVoY_8jQ
Adada Vaa,Sarvam,iTmgief_iIw
Potta Padiyudhu,Sathya,lF8KTvgPgZI
Kattu Kuyil Paatu,Sinna Mapplai,pXR24znyfBg
Manasu Mayangum,Sippikkul Muthu,mM-U6xZfYFI
Sempoove Poove,Sirai Chalai (Original Motion Picture Soundtrack),8uyAfq2gad8
Kali Dasan Kanna Dasan,Soorakottai Singhakutti,zImE5mY17jM
Unakkum Enakkum,Sri Raghavendrar,YS64NIuwqSQ
Pattabhisheka,Sri Rama Rajyam,zyx0wK0SwZE
Idhenti Chiraku,Tarzan Sundari,LzSY8CzKReE
Adukku Malligai,Thangamagan,KvImf_Z0FjA
Raathiriyil Poothirukum,Thangamagan,HHUIDktMnxk
Aadalgalo,Udhayam,l8GtOs6RQu8
Yaaro Yaar Yaaro,Ullasam,Rdwd6pA30rc
Oh Oh Oh Kaalai,Unnai Vaazhthi Paadugiren,HLSOdGFg79U
Vikram Vikram,Vikram,OIksjquWzGw
