Track Name,Artist,Album,Tempo,Duration,Video ID
High on Love,1 Plus One,Runaway Lover,,4:12,3ZxZ9uldTZk
Oho Endhan Baby,A. M. Rajah,,,3:57,blVwxryFjIY
Aila Aila,A. R. Rahman,,,5:34,_a-t7bZYqGg
Anbay,A. R. Rahman,,,5:42,KxjiPgpVkqc
Anbil Avan,A. R. Rahman,,,4:12,XU6wuDyTQ8k
Aye Sinamika,A. R. Rahman,,,6:31,AlUjKp2gyxY
Azhagiye,A. R. Rahman,,,3:45,uLLDYV6j40k
"Azhagiye (From ""Kaatru Veliyidai"")",A. R. Rahman,,,3:45,It2wAAi6SvA
"Endhira Logathu Sundariye (From ""2. 0"")",A. R. Rahman,,,5:30,nICaIiDcJ50
Kurukku Chiruthavale,A. R. Rahman,,,6:42,gSFq4AAmAW8
"Maacho (From ""Mersal"")",A. R. Rahman,,,4:36,DWgeOXD5vec
Mental Manadhil (Female),A. R. Rahman,,,3:14,Lh1SyGuuVY4
Mersalaayitten,A. R. Rahman,,,5:04,35E4DKnXXCg
Minsara Kanna,A. R. Rahman,,,6:14,rjC-YR2aeKQ
Moongil Thottam,A. R. Rahman,,,4:36,8jUbbUlG-jI
Mustafaa Mustafaa,A. R. Rahman,,,6:07,aH2VAnvUaaU
Muzhumathi,A. R. Rahman,,,5:13,e4E01E-Q2Gk
"Nallai Allai (From ""Kaatru Veliyidai"")",A. R. Rahman,,,4:00,O08Os0JOQto
"Neethanae (From ""Mersal"")",A. R. Rahman,,,4:29,73vCDaJ3upY
Netru Illatha Maatram,A. R. Rahman,,,5:10,OBIIEy6tTa4
New York Nagaram,A. R. Rahman,,,6:19,3aQ9TjCrpgQ
"O Kadhale (From ""Kaadhal Virus"")",A. R. Rahman,,,6:15,I7_OmTeLC8M
Omana Penne,A. R. Rahman,,,5:33,gaKiDGp3r2Q
Paarkaadhey Oru Madhiri,A. R. Rahman,,,4:19,m0aQMnql25A
Parandhu Sella Vaa,A. R. Rahman,,,4:52,0287S-sVYM0
Poo Pookkum Osai Adhai,A. R. Rahman,,,6:45,bZRVr3v7nSU
Pookkalae Sattru Oyivedungal,A. R. Rahman,,,5:09,FAYx9JbtHRc
Poyisonna Posikiduven,A. R. Rahman,,,5:26,1Abr7utMjL4
"Raajali (From ""2. 0"")",A. R. Rahman,,,4:11,BPPE2hXb4DI
Sandhippoma,A. R. Rahman,,,5:36,kr9iXY3-bIg
The Boss,A. R. Rahman,,,3:17,uXPFMANE-0k
Theme Music 2,A. R. Rahman,,,2:13,Zg-F6DzlJnU
Urvashi Urvashi,A. R. Rahman,,,5:42,QvwDmePaRiU
Vaan Nila,A. R. Rahman,,,6:03,v7nUHnhKqmU
"Varaha Nadhikarai (From ""Sangamam"")",A. R. Rahman,,,6:19,OiqEYn1tvFU
Vennilave Vennilave Vinnai,A. R. Rahman,,,5:52,cjeetK3Q84Q
Vinnaithaandi Varuvaayaa,A. R. Rahman,,,3:13,0Pbfd80JcAI
"Saarattu Vandiyila (From ""Kaatru Veliyidai"")",A. R. Reihana,,,4:52,ohTp4kGjZ1Q
Oh Raaya,"A.R. Rahman, Ganavya, & Dhanush",Raayan (Original Motion Picture Soundtrack),,3:28,QyEdtZyYEfA
Marudaani,"A.R. Rahman, Madhushree, Hentry Kuruvila, and Vaali",Sakkarakatti (Original Motion Picture Soundtrack),,6:28,RKZNPx-K1AA
Ennodu Nee Irundhaal,"A.R. Rahman, Sid Sriram, Sunitha Sarathy, and Kabilan",I (Original Motion Picture Soundtrack),,5:53,_9r0-yosPF8
En Mel Vizhunda,"A.R. Rahman, Vairamuthu, P. Jayachandran, and K. S. Chithra",May Maadham (Original Motion Picture Soundtrack),,5:03,dHV744VXD2U
Innum Konjam Neram,"A.R. Rahman, Vijay Prakash, Shweta Mohan, and Kabilan",Maryan (Original Motion Picture Soundtrack),,5:14,-zY2eMZwkdo
"Aaruyire (From ""Guru"")",A.R. Rahman;Chinmayi;Murtuza Khan;Qadir Khan,Best of A.R. Rahman (Tamil),143.856,5:09,lSrFbLK8NHs
Mental Manadhil,A.R. Rahman;Jonita Gandhi;Mani Ratnam,O Kadhal Kanmani (Original Motion Picture Soundtrack),160.054,3:25,T8HvXDRAeVc
Malargal Kaettaen,A.R. Rahman;K. S. Chithra,O Kadhal Kanmani (Original Motion Picture Soundtrack),167.529,5:54,PkocselE4Bs
Usure Pogudhey,A.R. Rahman;Karthik;Vairamuthu,Raavanan (Original Motion Picture Soundtrack),92.997,6:06,Xy6oBDZMyig
CEO in the House,A.R. Rahman;Nakul Abhyankar;Blaaze,Sarkar (Tamil) [Original Motion Picture Soundtrack],150.08,3:52,XLbjnXq3IL4
Kannukkul Kannai,A.R. Rahman;Naresh Iyer,Vinnaithaandi Varuvaayaa (Original Motion Picture Soundtrack),129.994,3:52,4ZHKtLuQpGk
Azhagana Ratchasiye,A.R. Rahman;S. P. Balasubrahmanyam;Harini;G. V. Prakash,Mudhalvan (Original Motion Picture Soundtrack),164.9,6:10,1NPY0d4AN6U
"Vaan (From ""Kaatru Veliyidai"")",A.R. Rahman;Shashaa Tirupati,"Vaan (From ""Kaatru Veliyidai"")",151.222,4:15,DOfYwN6lFiM
Naane Varugiraen,A.R. Rahman;Shashaa Tirupati;Sathyaprakash,O Kadhal Kanmani (Original Motion Picture Soundtrack),149.951,6:05,Hp4wk9ptjCQ
Mannipaaya,A.R. Rahman;Shreya Ghoshal;Thamarai,Vinnaithaandi Varuvaayaa (Original Motion Picture Soundtrack),175.991,6:56,4eyk-zC8t5M
Adiye,A.R. Rahman;Sid Sriram;Maria Roe Vincent;Madhan Karky,Kadal (Original Motion Picture Soundtrack),45.989,5:01,HLmtqyeJHSw
"Ok Jaanu Title Track (From ""OK Jaanu"")",A.R. Rahman;Srinidhi Venkatesh,"Ok Jaanu Title Track (From ""OK Jaanu"")",159.977,3:26,QN507xqvG0w
Mazhai Kuruvi,A.R. Rahman;Vairamuthu,Chekka Chivantha Vaanam (Original Motion Picture Soundtrack),130.052,5:48,eXxoXHDZWXY
Devadhai,Aaryan Dinesh Kanagaratnam,,,5:31,_ftVX03r2as
Oh Baby Girl,Achu;Hemachandra Vedala,Maalai Pozhudhin Mayakathilaey (Original Motion Picture Soundtrack),156.918,3:46,e46x7RY9QGc
Showkali,Aditya Rao,,,4:39,uJK1yuC9qhk
Ilayanila Pozhigirathe (From “Payanangal Mudivathillai ”),Afsal,"Ilaya Nila Pozhigirathe, Vol. 1",160.07,4:45,LNuYDoRyF2Y
Mughaiyazhi,Anand Aravindakshan & Radhika,Boomerang (Original Motion Picture Soundtrack),,3:11,0vzWNIXieSI
Kaathadi,Anand Kashinath;Sublahshini,Kaathadi,135.106,3:23,kvik-fRe4qg
Mama Douser,Andrea Jeremiah,Soodhu Kavvum (Original Motion Picture Soundtrack),104.939,3:20,J3Z2LWkF_s4
Mayakkuraane,Andrea Jeremiah,,,3:52,loiZ1gA3woI
O Crazy Minnal,Andrea Jeremiah,Naduvula Konjam Pakkatha Kaanom (Original Motion Picture Soundtrack),115.063,4:26,S63TAy-ddxM
"Who's the Hero (From ""Manmadan Ambu"")",Andrea Jeremiah,Kollywood Stars,165.974,4:26,ouN5sP2W-Qo
Kanave Kanave,Anirudh,David,,4:45,qD53-RZpTOc
Jimikki Ponnu,Anirudh & Jonita Gandhi,Varisu,,3:45,6NGgVDfMBXU
A Broken Heart (Background Score),Anirudh Ravichander,,,1:23,1fniX8MQpAc
"Bae (From ""Don"")",Anirudh Ravichander,,,4:03,CucLgAiHTFs
Bhavani Theme (Background Score),Anirudh Ravichander,,,1:21,5T_FS2xe55Y
"Come Closer (From ""Remo"") (Sirikkadhey Reprise)",Anirudh Ravichander,,,3:27,4NifnoUX--c
Don'u Don'u Don'u (The Don's Romance),Anirudh Ravichander,,,3:16,nn7WJlphPSE
"Enna Solla (From ""Thangamagan"") (The New Life of Tamizh)",Anirudh Ravichander,,,3:36,hjr4QlXDlHw
"Ey Inge Paaru (From ""Velai Illa Pattadhaari"")",Anirudh Ravichander,,,2:00,TL3-9aq5Rfg
Hayyoda,Anirudh Ravichander,,,3:21,xsZPbX_vUJE
Idhazhin Oram (The Innocence of Love),Anirudh Ravichander,,,3:25,JzU99mOHP0A
JD Intro (Background Score),Anirudh Ravichander,,,1:20,J25jHfjGa_A
"Kaaki Sattai (From ""Kaaki Sattai"")",Anirudh Ravichander,,,3:44,AJsYYX0Ios4
Kaaki Sattai Theme Music,Anirudh Ravichander,Kaaki Sattai (Original Motion Picture Soundtrack),109.748,0:47,xDyJSnA4q-k
"Kannazhaga (From ""3 [Tamil]"") (The Kiss of Love)",Anirudh Ravichander,,,3:26,8TFA-681YRQ
Nee Paartha Vizhigal (The Touch of Love),Anirudh Ravichander,,,4:25,Xpqn2pjV6vM
Nurse Fight Theme (Background Score),Anirudh Ravichander,,,1:44,Mhy9yMjR-Tk
Oh Penne (International Version),Anirudh Ravichander,,,3:34,Q1XEJNC-A6k
"Po Indru Neeyaga (From ""Velai Illa Pattadhaari"")",Anirudh Ravichander,,,3:46,xBjrceyreR0
Po Nee Po (Remix - The Scream of Love),Anirudh Ravichander,,,3:44,FgwDmutAB8s
Po Nee Po (The Pain of Love),Anirudh Ravichander,,,4:12,-28p6dL3Qg4
Smiling with the pain theme,Anirudh Ravichander,,,1:30,zZ0Xl8miCWI
Sunrise Theme,Anirudh Ravichander,Velai Illa Pattadhaari (Original Motion Picture Soundtrack),149.942,1:08,PrPuY0xS_qg
Tak Bak (The Tak Bak of Tamizh),Anirudh Ravichander,,,2:35,KBlHEDQ4O3s
Takkunu Takkunu,Anirudh Ravichander,,,3:33,AHvjmc33WH8
"Tamilselvi (From ""Remo"")",Anirudh Ravichander,,,3:51,uA_DcuoG_rQ
Thangamey,Anirudh Ravichander,Thangamey (From Naanum Rowdy Dhaan) (Single),99.907,4:22,2e8PmS2HPeg
"Udhungada Sangu (From ""Velai Illa Pattadhaari"")",Anirudh Ravichander,,,3:30,UE6KMXxOy7A
VIP Title Song,Anirudh Ravichander,,,3:57,LMOShP5dsCw
"What a Karavaad (From ""Velai Illa Pattadhaari"")",Anirudh Ravichander,,,4:30,fn7Gi7YVx7Q
Why This Kolaveri Di? (The Soup of Love),Anirudh Ravichander,,,4:21,IwPHdPf1io4
"Yennai Maatrum Kadhale (From ""Naanum Rowdy Dhaan"")",Anirudh Ravichander,,,4:35,qJjGVy5JlYs
"Amma Amma (From ""Velai Illa Pattadhaari"")","Anirudh Ravichander, Dhanush, & S. Janaki",Velai Illa Pattadhaari (Original Motion Picture Soundtrack),153.799,5:05,ewa8rdpG6LQ
"So Baby (From ""Doctor"")",Anirudh Ravichander;Ananthakrrishnan;Sivakarthikeyan,"So Baby (From ""Doctor"")",133.131,4:12,fOyGnZPy0vo
Vaathi Raid,Anirudh Ravichander;Arivu,Master (Original Motion Picture Soundtrack),100.016,3:29,McTvummBHt0
"Sirikkadhey (From ""Remo"")",Anirudh Ravichander;Arjun Kanungo;Srinidhi Venkatesh;Vignesh Shivan,"Sirikkadhey (From ""Remo"")",87.998,4:05,tiPOguEO5RA
"Holá Amigö (From ""Rum"")",Anirudh Ravichander;Balan Kash;Madhan Karky,"Holá Amigö (From ""Rum"")",124.578,4:16,3XSmOrcqwFE
Shake That,Anirudh Ravichander;Brodha V,Kaaki Sattai (Original Motion Picture Soundtrack),99.928,3:03,vjPU2HGbRcU
Boomi Enna Suthudhe,Anirudh Ravichander;Dhanush,Ethir Neechal (Original Motion Picture Soundtrack),79.813,4:22,Wnt5XAooDjo
Nijamellam Maranthupochu,Anirudh Ravichander;Dhanush,Ethir Neechal (Original Motion Picture Soundtrack),79.944,3:48,f6q6ty7w5EI
Kannazhaga (The Kiss of Love),Anirudh Ravichander;Dhanush;Shruti Haasan,3 (Original Motion Picture Soundtrack),,3:26,fdNdxUN11Es
"Vaathi Coming (From ""Master"")",Anirudh Ravichander;Gana Balachandar,"Vaathi Coming (From ""Master"")",,3:49,BMFxVtsXgRk
Iraiva,Anirudh Ravichander;Jonita Gandhi,Velaikkaran (Original Motion Picture Soundtrack),140.062,4:54,N6ZQsHemZ6E
Private Party,Anirudh Ravichander;Jonita Gandhi;Sivakarthikeyan,Don (Original Motion Picture Soundtrack),124.031,3:36,bMBW9r4AZGU
Onnume Aagala,Anirudh Ravichander;MALIII,Onnume Aagala,79.825,4:12,8vwb3NPgKfk
Osaka Osaka,Anirudh Ravichander;Pragathi Guruprasad;Madhan Karky,Vanakkam Chennai (Original Motion Picture Soundtrack),78.154,6:08,52sSta769mo
Velicha Poove,Anirudh Ravichander;Shreya Ghoshal;Mohit Chauhan;Vaali,Ethir Neechal (Original Motion Picture Soundtrack),79.744,5:12,4-J7QxJfn3U
Un Vizhigalil,Anirudh Ravichander;Shruti Haasan;R.D. Raja,Maan Karate Special (Original Motion Picture Soundtrack),80.217,4:03,fbyZ8iXy47E
"Neeyum Naanum (From ""Naanum Rowdy Dhaan"")",Anirudh Ravichander;Thamarai;Neeti Mohan,Naanum Rowdy Dhaan (Original Motion Picture Soundtrack),,5:02,hy7SMbYAb8U
"Enakenna Yaarum Illaye (From ""Aakko"")",Anirudh Ravichander;Vignesh Shivan,"Enakenna Yaarum Illaye (From ""Aakko"")",160.036,4:20,b_ZGAdrvpks
"Senjitaley (From ""Remo"")",Anirudh Ravichander;Vignesh Shivan,"Senjitaley (From ""Remo"")",88.073,4:11,3BXSQS1405g
Varavaa Varavaa,Anirudh Ravichander;Vignesh Shivan,Naanum Rowdy Dhaan (Original Motion Picture Soundtrack),,3:23,95e2euu9Q0w
"Kannaana Kanne (From ""Naanum Rowdy Dhaan"")",Anirudh Ravichander;Vignesh Shivan;Sean Roldan,Naanum Rowdy Dhaan (Original Motion Picture Soundtrack),,4:28,sHUwvOGMRXU
Oh Penne,Anirudh Ravichander;Vishal Dadlani;Na.Muthukumar,Vanakkam Chennai (Original Motion Picture Soundtrack),94.988,4:36,J6H6JQHvFMQ
Aathi,Anirudh Ravichander;Vishal Dadlani;Yugabharathi,Kaththi (Original Motion Picture Soundtrack),149.419,5:05,05GTf2PggOs
Badass,Anirudh Ravichander;Vishnu Edavan,Leo (Original Motion Picture Soundtrack),93.019,3:49,zzgUZt5scbY
Cute Ponnu,Anirudh Ravichander;Vivek Siva,"Cute Ponnu (From ""Enna Solla Pogirai"")",100.022,4:35,5jfmwMoTobk
Un Paarvayil,Anirudh Ravichander;Vivek Siva,Ethir Neechal (Original Motion Picture Soundtrack),95.075,1:41,8qv7DUfiqUQ
Karuthavanlaam Galeejaam,Anirudh Ravichander;Viveka,Velaikkaran (Original Motion Picture Soundtrack),89.951,3:28,_oRlyqyEz40
Ethir Neechal,Anirudh Ravichander;Yo Yo Honey Singh;Hiphop Tamizha;Vaali,Ethir Neechal (Original Motion Picture Soundtrack),119.97,4:30,ib8FunNzsg0
Andha Kanna Paathaakaa,Anirudh Ravichander;Yuvan Shankar Raja;Vignesh Shivan,Master (Original Motion Picture Soundtrack),90.445,3:14,is9J2yQRFRA
Nee Choopey,Anudeep Dev,,,4:16,TVXMLuIWGCc
"Annathe Sethi (From ""Tughlaq Durbar"")",Arivu,,,4:20,VwiPGOnkVwA
Pouraadalaam,Armaan Malik,M.S.Dhoni - The Untold Story,81.857,4:16,RLUEsZG3LzM
"Venilla Venilla (From ""Iruvar"")",Asha Bhosle,,,4:59,7vbUao-R8lM
Konjam Neram,"Asha hosle, Madhu Balakrishnan",Chandramukhi,,4:32,BrUyVaqvNBI
Chinnathai Aval,Ashnaa Sasikaran,,,1:00,5OpYFrp86FM
Kanmani Anbodu Kadhalan by Madras Music Factory,Aswath Ajith;Madras Music Factory,Kanmani Anbodu Kadhalan,94.868,3:32,q6jJn1D3lZc
Katrin Mozhi,Balram,,,5:53,A7pB7csRJbE
Katrin Mozhiye (female),Balram,,,5:53,xEwR9ZEfYdU
Panikatre Panikatre,Balram,,,4:38,-HBfhSY3jJM
Oyaayiye Yaayiye,Benny Dayal;Haricharan;Chinmayi;Saindhavi,Ayan,118,5:35,hDYjPoNtUbI
Step It Up,Benny;Megha,Kavalan (Original Motion Picture Soundtrack),103.008,4:34,_xnYyomdbxY
Vaseegara,Bombay Jayashri Ramnath,,,5:00,PYgcJpC6WAQ
Devathaiya Kandein (Piano Version),Britto Jude,,,2:01,CFO0gVbOhNw
Kaathalae Kaathalae,Chinmayi Sripada,,,3:14,Qv8gAnGuixY
Yuktha Mookhi,CredoDram,,,5:37,clvUckgQFkw
Koodamela Koodavechi,"D. Imman, V.V. Prassanna, Vandana Srinivasan, and Yugabharathi",Rummy (Original Motion Picture Soundtrack),,5:01,jt3yQ4Sxjk0
Senthooran (Reprise),D. Imman;Inno Genga,Bogan (Original Motion Picture Soundtrack),,3:48,vcRA9CEmrIo
Yembuttu Irukkuthu Aasai,D. Imman;Sean Roldan;Kalyani Nair;Yugabharathi,Saravanan Irukka Bayamaen (Original Motion Picture Soundtrack),118.007,4:30,41LOLZrjmqM
Thoovaanam,D. Imman;Vishal Dadlani;Sunitha Sarathy;Thamarai,Romeo Juliet (Original Motion Picture Soundtrack),159.94,4:25,SYOELTR8VYI
Karupputhan Enakku Pidicha,Deva,,,5:50,4VY7F85AtfI
"Pulveli Pulveli (From ""Aasai"")",Deva,,,6:27,t4KZWfqYmok
Thein Mozhi Radhai,Deva,,,5:34,kKwAIhwq73M
Kattipudi Kattipudida,Deva;Vairamuthu;Vasundhara Das;Shankar Mahadevan;Ganga;Sriram,Kushi (Original Motion Picture Soundtrack),163.956,5:45,X3vUldIxnQ8
I Like You,Deva;Vasundhara Das,Citizen (Original Motion Picture Soundtrack),81.966,6:51,prgSwewYbQQ
Are You Crazy,Devi Sri Prasad,Villu,112.017,0:46,mGtCyWf_qqg
Kannmoodi thirakkum,Devi Sri Prasad,Sachien,94.958,5:39,DPo2wWKWU5k
Angel Vandhaaley,Devi Sri Prasad;K. S. Chithra;Palani Bharathi,Badhri (Original Motion Picture Soundtrack),95.035,4:46,yeLZTLsBI40
Daddy Mummy,Devi Sri Prasad;M.M.Manasi;Kumaar,Bhaag Johnny,132.009,4:25,6VLcJC1uHD4
Yenti Yenti,Devi Sri Prasad;Sagar;Srinidhi Sriprakash,Puli (Telugu) [Original Motion Picture Soundtrack],142.431,4:14,PO_pU2m9G1Q
Yaaro En Nenjai,Devi Sri Prasad;Sagar;Sumangaly;Thamarai,Kutty (Original Motion Picture Soundtrack),97.979,5:08,wHn2njfQCuA
Enga Yeriya,Dhanush,,,5:20,XendNtBdFGA
Oh Oh (The First Love of Tamizh),Dhanush,,,4:37,vlJR7c4eQ6Y
"Megham Karukatha (From ""Thiruchitrambalam"")",Dhanush;Anirudh Ravichander,"Megham Karukatha (From ""Thiruchitrambalam"")",149.966,4:50,rTDUuEwvBG8
Theme of Podaa Podi,Dharan Kumar;Flute Navin;Amalraj,Podaa Podi (Original Motion Picture Soundtrack),90.043,3:38,yiXjE0NxyoI
Un Paarvaiyilae,Dharan Kumar;Sindhu;M.M.Monissha;Pradeep,Podaa Podi (Original Motion Picture Soundtrack),149.946,2:17,xAzuzp3hMps
Asku Maaro,Dharan Kumar;Sivaangi Krishnakumar,Asku Maaro,105.95,4:01,UaDMq5Wcd8A
Rathina Katti,Dhee,,96.099,3:49,jiZF0pvS404
Nee Kavithaigala,Dhibu Ninan Thomas;Pradeep Kumar,Maragatha Naanayam (Original Motion Picture Soundtrack),129.968,4:36,iYmh2jIR0Ms
Maanguyilae Mattle,DjShubh,Maanguyilae Mattle,,3:13,n7Og4d0LMOI
Oru Naal Pothuma,Dr M. Balamuralikrishna,,,5:45,gnYELsuigqM
Hello Miss,G V Prakash;Anushka Manchanda,July Kaatril,,4:31,hHx0_bCdU08
Anbe Anbe,G.V. Prakash Kumar,,,6:17,lvLR3RFIO-g
Kanaa Kaangiren,G.V. Prakash Kumar,,,5:46,hBr0FPjiNA4
Kangal Neeye,G.V. Prakash Kumar,,,5:41,Sj20XjM3kfM
Rain Dance: A Tin Theme,G.V. Prakash Kumar,,,3:09,a0SL3U2C1sg
Thalaivaa Thalaivaa,G.V. Prakash Kumar,,,5:39,CLGVbyPIWag
The Ecstacy of Dance,G.V. Prakash Kumar,,,2:12,3b6mJIE8e-w
Thediyae Thediyae,G.V. Prakash Kumar,,,5:32,pydfI5FfuKU
Un Vizhigalil,G.V. Prakash Kumar,,,5:05,xcVBeyBKdUM
Urugudhe Maragudhe,G.V. Prakash Kumar,,,5:57,Lefa3v-Tkjk
Vaanganna Vanakkanganna,G.V. Prakash Kumar,,,5:34,9hotns0Pgt0
Vizhigalil Oru Vaanavil,G.V. Prakash Kumar,,,6:03,-z3_uhdqybI
Yaar Indha Saalai Oram,G.V. Prakash Kumar,,,5:16,Yt4xOLzQgrE
"Yaar Indha Saalai Oram (From ""Thalaivaa"")",G.V. Prakash Kumar,,,5:16,hhTj5rtfS7c
Yathe Yathe,G.V. Prakash Kumar & Snehan,Aadukalam (Original Motion Picture Soundtrack),,5:45,R9aHcmKEY8s
Ayyayo,"G.V. Prakash Kumar, S.P. Balasubrahmanyam, S.P. Charan, Prashanthini, and Snehan",Aadukalam (Original Motion Picture Soundtrack),150.993,5:25,38LGyJ1DvzA
Pookkal Pookkum,G.V. Prakash Kumar;Roop Kumar Rathod;Harini;Andrea Jeremiah,Madharasapattinam (Original Motion Picture Soundtrack),,6:37,9Wg2rk5AVqQ
Kutti Pisase,G.V. Prakash Kumar;STR;Suchitra;Vaali,Kaalai (Original Motion Picture Soundtrack),,5:38,DYa278MkQw0
"Dhinakkudha (From ""Pizza"")",Gana Bala,,,3:04,Pyw7XbAxI3s
Irandhidava,Gana Bala,,,4:58,sZ2PIrgpK2g
Neela Vaanam Odaiyil,Gangai Amaran,,,4:36,glnhCgL2s8A
"Railin Oligal (From ""Blue Star"")",Govind Vasantha,,,2:38,eezuPZKKQw8
Theme Of Sms,HC,,,1:36,t4fvVw2sDmY
Arabu Naadu,Haricharan Seshadri,,,5:23,CM2v2_nrqtA
Poga Poga,Haricharan Seshadri,,,4:43,IQfL6Su9RSg
Thuli Thuli,Haricharan;Tanvi Shah,Paiya (Deluxe Edition) (Original Motion Picture Soundtrack),,4:44,hRBuP5G3FNM
Chinna Chinnathai,Hariharan,,,5:22,LR9FcdNj94A
Ennai Thalatta Varuvala,Hariharan,,,5:05,INICVDmDN8c
Irupathu Kodi (Language: Tamil; Film: Thullatha Manamum Thullum; Film Artist 1: Vijay; Film Artist 2: Simran),Hariharan,Thullatha Manamum Thullum & Nee Varuvai Ena,,5:05,7CsfHnPw1Xg
Nila Kaaigiradhu,Hariharan,,,4:14,LfKq8NIYp0c
Nilavupattu,Hariharan,,,6:02,C6NPjFS-gBg
Pala Pala,Hariharan,Ayan,129.987,5:25,MIr1BGfFx2w
Poi Sonnal,Hariharan,,,4:52,3HpRz7fCFLg
Sollamal Thottu Chellum Thendral,Hariharan,,,5:24,AYUmOcLAQcc
Thavamendri,Hariharan,,,4:38,AadtSFr9Aks
Anbae Anbae,Hariharan & Anuradha,Jeans (Original Motion Picture Soundtrack),122.423,1:01,CWj7jT3nR5E
Kaadu,"Hariharan, Bharadwaj, Sadhana Sargam, and Vairamuthu",Vasool Raja MBBS (Original Motion Picture Soundtrack),,5:34,Idyw5tWZScc
Oru Ponnu Onnu,Hariharan;Anuradha Sriram;Vairamuthu,Kushi (Original Motion Picture Soundtrack),93.982,5:36,I_k6H2kEuio
Thaaliyae Thevaiyillai,Hariharan;Bhavatharini;Hari,Thaamirabharani (Original Motion Picture Soundtrack),99.989,4:47,p7VtujhpB_Q
Pachai Nirame,Hariharan;Clinton,Alaipayuthey (Original Motion Picture Soundtrack),87.972,5:58,ySu11Bo0PAs
Uyire Uyire,Hariharan;K. S. Chithra,Bombay,100.172,7:14,f57W1HuHWPk
Ragasiya Kanavugal,Hariharan;Madhushree,Bheema (Original Motion Picture Soundtrack),132.936,5:59,03RELkOCVbU
En Jeevan,Hariharan;Saindhavi;Vaikom Vijayalakshmi,Theri,,5:23,MJ7P9x4w2CM
Moongil kaadugalae,Hariharan;Tippu,Samurai,,6:20,QdzJdI42cAk
Edhu Enna,Harish Ragavendar,,,4:58,NEwRrBsLPXk
Kadhal Yenbathu,Harish Ragavendar,,,5:25,xqdGY-E2ooU
Nenje Nenje,Harish Raghavan;Mahathi,Ayan,114.969,5:44,T5tDmD2U4kI
Engae Irunthai,Harish Raghavendra,,,5:09,GMX2DMGyXK8
Melliname,Harish Raghavendra,Shajahaan,91.936,5:26,I8nt30M15Ds
Poove Vai Pesum Pothu,Harish Raghavendra,,,5:49,1csxHsOSeEY
Adadaa Oru,Harris Jayaraj,,,3:47,gbWwRnXwRVY
Ennai Konjam,Harris Jayaraj,,,5:57,FrP_87ggU0k
Ondra Renda,Harris Jayaraj,Kaakha Kaakha,,5:07,Av6NpfF_yl0
Pudichirukku,Harris Jayaraj,,,5:04,T-XX38cUv4g
Uyirin Uyire,Harris Jayaraj,,,5:22,yul_JVWKgZE
Engeyum Kaadhal,Harris Jayaraj;Aalaap Raju;Devan Ekambaram;Ranina Reddy,Engeyum Kadhal (Original Motion Picture Soundtrack),119.958,5:31,yje_kx6vOB0
Vaan Engum Nee Minna,Harris Jayaraj;Aalaap Raju;Harini;Devan Ekambaram;Pravin Saivi;Madhan Karky,Endrendrum Punnagai (Original Motion Picture Soundtrack),116.025,4:24,Ism0k7k4pkU
Kaadhal Oru,Harris Jayaraj;Aalaap Raju;Hemachandra Vedala;Sunitha Sarathy,Oru Kal Oru Kannadi (Original Motion Picture Soundtrack),113.907,6:07,LM-ICgG09oY
Ennamo Yeadho,Harris Jayaraj;Aalaap Raju;Prashanthini;Emcee Jesz;Sri Charan;Madhan Karky,KO (Original Motion Picture Soundtrack),90.986,5:36,CTQvEx3ajJA
Unakkenna Venum Sollu,Harris Jayaraj;Benny Dayal;Mahathi;Thamarai,Yennai Arindhaal (Original Motion Picture Soundtrack),142.499,5:08,jIerm_0hCGI
Aathadi Aathadi,Harris Jayaraj;Bhavatharini;Tippu;Dhanush;Abhay Jodhpurkar;Vairamuthu,Anegan (Original Motion Picture Soundtrack),134.891,5:52,9uU58WcBYwA
Unakkul Naane,Harris Jayaraj;Bombay Jayashri,Patchai Kili Muthucharam (Original Motion Picture Soundtrack),112.994,4:41,_c0brrD96Bc
Yaaro Manathile,Harris Jayaraj;Bombay Jayashri;Krish,Dhaam Dhoom (Original Motion Picture Soundtrack),166.948,5:03,T_wJGHL3JjE
Nenjil Nenjil,Harris Jayaraj;Chinmayi;Harish Raghavendra;Madhan Karky,Engeyum Kadhal (Original Motion Picture Soundtrack),168.061,5:15,3r5ELckRJAs
Idhayathai Yedho Ondru,Harris Jayaraj;Chinmayi;Thamarai,Yennai Arindhaal (Original Motion Picture Soundtrack),131.969,3:55,xCQE1R07FwM
Vaarayo Vaarayo,Harris Jayaraj;Chinmayi;Unnikrishnan;Mega;Kabilan,Aadhavan (Original Motion Picture Soundtrack),103,5:16,O_ZEFugiGAw
Halena,Harris Jayaraj;Christopher Stanley;Abhay Jodhpurkar;Ujjayinee Roy;Madhan Karky,Iru Mugan (Original Motion Picture Soundtrack),147.949,4:48,1VGbZMl1oYw
Oh! Shanthi Shanthi,Harris Jayaraj;Clinton;S.P. Charan;Thamarai,Vaaranam Aayiram (Original Motion Picture Soundtrack),132.91,3:03,fm5a-mDFiPk
Yennai Arindhaal,Harris Jayaraj;Devan Ekambaram;Mark Thomas;Abhishek,Yennai Arindhaal (Original Motion Picture Soundtrack),116.014,5:46,eeqZD2ZSwb0
Nenjukkul Peidhidum,Harris Jayaraj;Hariharan;Devan Ekambaram;VV Prassanna;Thamarai,Vaaranam Aayiram (Original Motion Picture Soundtrack),115.01,6:09,M-gKOqiSB2c
Thodu Vaanam,Harris Jayaraj;Hariharan;Shakthisree Gopalan;Vairamuthu,Anegan (Original Motion Picture Soundtrack),136.899,5:15,it34xdsiicM
Ennai Saaithaalae,Harris Jayaraj;Hariharan;Shreya Ghoshal,Endrendrum Punnagai (Original Motion Picture Soundtrack),92.015,5:29,fQO-DXzcSgg
Arugil,Harris Jayaraj;Hariharan;Tanvi Shah,Dhruva Natchathiram (Original Motion Picture Soundtrack),109.961,3:58,TxQhX0N0oac
Manjal Veyil,Harris Jayaraj;Hariharan;Vijay;Nakkhul,Vettaiyaadu Vilaiyaadu (Original Motion Picture Soundtrack),119.978,5:53,1TT7bOxlorw
Anbe En Anbe,Harris Jayaraj;Harish Raghavendra,Dhaam Dhoom (Original Motion Picture Soundtrack),121.982,5:04,et0-Mh5UR58
Anbe Anbe,Harris Jayaraj;Harish Raghavendra;Harini,Ithu Kathirvelan Kadhal (Original Motion Picture Soundtrack),179.851,5:44,ZSOJ84sfDDs
Kaal Mulaitha Poovae,Harris Jayaraj;Javed Ali;Mahalakshmi Iyer;Nincy Vincent;Madhan Karky,Maattrraan (Original Motion Picture Soundtrack),113.973,5:30,ObyYPrbz-LE
Kalyaanam Thaan Kattikittu,Harris Jayaraj;KK;Yugendran;Srilekha Parthasarathy,Saamy (Original Motion Picture Soundtrack),78.003,5:02,epHvyyZoU60
Mun Andhi,Harris Jayaraj;Karthik;Megha;Na.Muthukumar,7 Aum Arivu (Original Motion Picture Soundtrack),136.962,6:16,O9Ma-SrEckU
Dhimu Dhimu,Harris Jayaraj;Karthik;Na.Muthukumar,Engeyum Kadhal (Original Motion Picture Soundtrack),93.418,5:29,e6zzo68QQYk
Lolita,Harris Jayaraj;Karthik;Prashanthini;Thamarai,Engeyum Kadhal (Original Motion Picture Soundtrack),107.013,5:10,h_YBZGaPl8M
Irumugan Settai,Harris Jayaraj;Kavithai Gundar Emcee Jesz;Steeve Vatz;MALIII,Iru Mugan (Original Motion Picture Soundtrack),114.013,4:05,_mCJI14R-VY
Thee Illai,Harris Jayaraj;Naresh Iyer;Mukesh;Gopal Rao;Mahathi;Ranina Reddy;Vaali,Engeyum Kadhal (Original Motion Picture Soundtrack),95.971,5:28,x_tkMp4Q4_Y
Mundhinam,Harris Jayaraj;Naresh Iyer;Prashanthini;Thamarai,Vaaranam Aayiram (Original Motion Picture Soundtrack),193.671,5:41,gypxTpsjIwc
Mudhal Mazhai,Harris Jayaraj;Prasanna;Hariharan;Mahathi,Bheema (Original Motion Picture Soundtrack),114.017,5:43,AVGZJHgH7tk
Ada Gada Gada,Harris Jayaraj;Premgi Amaren,Sathyam,106.984,5:01,7mII9TVWKuU
En Anbe,Harris Jayaraj;Sadhana Sargam;Benny Dayal;Yugabharathi,Sathyam (Original Motion Picture Soundtrack),90.049,6:07,WWEjBd6DK4Y
Yeno Yeno Panithuli,Harris Jayaraj;Shail Hada;Sudha Ragunathan;Andrea Jeremiah;Thamarai,Aadhavan (Original Motion Picture Soundtrack),106.996,5:12,x4sFf1arFv4
Kadhal Yaanai,Harris Jayaraj;Shankar Mahadevan;Harini,Anniyan (Original Motion Picture Soundtrack),104.919,5:45,XchnFp8KAK4
Annul Maelae,Harris Jayaraj;Sudha Ragunathan;Thamarai,Vaaranam Aayiram (Original Motion Picture Soundtrack),115.917,5:22,fh6_h3BEWLs
Idhuthaanaa,Harris Jayaraj;Thamarai;K. S. Chithra,Saamy (Original Motion Picture Soundtrack),100.076,5:19,nSzZk4-Akww
Kannai Vittu,Harris Jayaraj;Tippu;Pravin Saivi;Srimathumitha;Madhan Karky,Iru Mugan (Original Motion Picture Soundtrack),92.939,6:02,Q77bCBJ8Nvg
Paartha Mudhal,Harris Jayaraj;Unni Menon;Bombay Jayashri,Vettaiyaadu Vilaiyaadu (Original Motion Picture Soundtrack),108.013,6:06,J2gvpc0zo0M
Oorellaam Unnai Kandu,Harris Jayaraj;Unnikrishnan;Bombay Jayashri,Nannbenda (Original Motion Picture Soundtrack),99.989,4:56,CiaLjMhJ61o
Vaadi Pulla Vaadi,Hiphop Tamizha,Vaadi Pulla Vaadi,180.195,4:06,gg6nJSx9CO0
Kadhal Cricket (Love (Not Out)),Hiphop Tamizha;Kharesma Ravichandran,Thani Oruvan (Original Motion Picture Soundtrack),,3:34,VPzEQuX3Tvk
"Paisa Note (From ""Comali"")",Hiphop Tamizha;Pradeep Ranganathan;Mobin;Gana Kavi,"Paisa Note (From ""Comali"")",161.117,3:04,AZUY--EuBaM
"Aathadi (From ""Natpe Thunai"")",HiphopTamizha,,,3:28,sCRgpyw42q8
Azhage,HiphopTamizha,,,3:39,_pWbGagRWsY
Erangi Vandhu,HiphopTamizha,,,3:35,5q_PmsIWzWQ
Indru Netru Naalai,HiphopTamizha,,,3:06,ITzFSB9367w
Kadhal Oru Aagayam,HiphopTamizha,,,2:42,lOwLnk20tN0
Kannala Kannala (The Melting Point of Love),HiphopTamizha,,,3:36,za1hyGXWlRE
Kovai Gethu,HiphopTamizha,,,2:58,aZKz_wTFrSg
Meesaya Murukku,HiphopTamizha,,,3:43,3kfHArnP1v4
"Naan Konjam Karuppu Thaan (From ""Kaththi Sandai"")",HiphopTamizha,,,4:37,nX152dXaxHQ
Sakkarakatti,HiphopTamizha,,,3:10,FDnX9RNxIfk
"Single Pasanga (From ""Natpe Thunai"")",HiphopTamizha,,,3:45,JZUEaiYA9QU
Thani Oruvan (The Power of One),HiphopTamizha,,,3:50,MjDBfTbQ_18
Theemai Dhaan Vellum (Awakening the Monster),HiphopTamizha,,,3:33,fKH1C2JC_Yc
Vilambara Idaiveli,HiphopTamizha,,,4:34,K_VEjmk_Tmg
Aanaal,Ilaiyaraaja Official,,,2:19,IL8C3CeabFM
Enna Saththam Indha Neram,Ilaiyaraaja Official,,,4:19,an6IBTTwdNA
Ennai Thalatta Varuvala (Ilayaraja),Ilaiyaraaja Official,,,5:05,ehiCbLTIEaA
Illamai Etho Ehto,Ilaiyaraaja Official,,,5:50,5WYn4EttvQY
Kaatrai Konjam,Ilaiyaraaja Official,,,5:35,BUr2eNYcrAw
Karpoora Bommai,Ilaiyaraaja Official,,,4:53,cfOLbUiTtVQ
Mannil Indha,Ilaiyaraaja Official,,,4:19,SbKaWenqyow
Nilaave Vaa,Ilaiyaraaja Official,,,4:38,K_fN5yysMHg
"Ola Kudisaiyile (From ""Ore Oru Gramathiley"")",Ilaiyaraaja Official,,,4:32,kOhf2aZ2Fvs
Paavi Nenjae,Ilaiyaraaja Official,,,2:38,wMKbYQ7EAY4
Sangeetha Jathimullai,Ilaiyaraaja Official,,,6:54,2LEFgK4p8bQ
Sangeetha Megam,Ilaiyaraaja Official,,,4:26,tlvMFB4RWXo
Vaa Vaa Anbe,Ilaiyaraaja Official,,,5:07,mn9t5mzITcM
Vanthal Maghalakshmiye,Ilaiyaraaja Official,,,4:32,1rJUnFuoDOs
Yedhedho Ennam Valarthen,Ilaiyaraaja Official,,,4:25,o8AJsGjZvAI
Yethetho,Ilaiyaraaja Official,,,2:18,X_RZrmDsQY0
Raja Raja Chozhan,Ilaiyaraaja;K.J. Yesudas,Rettai Vaal Kuruvi (Original Motion Picture Soundtrack),,4:35,HyQvSZzBz_w
Sempoove Poove,Ilaiyaraaja;S. P. Balasubrahmanyam;K. S. Chithra,Sirai Chalai (Original Motion Picture Soundtrack),169.87,4:57,8uyAfq2gad8
Thenmadurai Vaigai Nadhi,Ilaiyaraaja;S. P. Balasubrahmanyam;P. Susheela;Malaysia Vasudevan,Dharmathin Thalaivan (Original Motion Picture Soundtrack),133.206,4:32,ASmkb3qeYt8
Sundari Kannal,Ishaan Dev,,,1:44,6oCJQF1JE3k
Kangal Irandal,James Vasanthan;Bellie Raj;Deepa Miriam;Thamarai,Subramaniapuram (Original Motion Picture Soundtrack),104.998,5:22,50Cy1YKg3RI
Oru Vetkam Varudhe,James Vasanthan;Naresh Iyer;Shreya Ghoshal,Pasanga (Original Motion Picture Soundtrack),96.993,5:57,Sb33V-Zjx7c
Nan pogiren,James Vasanthan;S. P. Balasubrahmanyam;K. S. Chithra;Thamarai,Naanayam (Original Motion Picture Soundtrack),91.853,6:32,fqAljCTdFyA
Siragugal,Javed Ali;Yuvan Shankar Raja;Madhushree;Pa. Vijay,Sarvam (Original Motion Picture Soundtrack),,5:22,MvtKgQpMj8Y
Chithirai Nilavu,Jayachandran;A.R. Rahman;Minmini;Na.Kamarasan,Vandicholai Chinnarasu (Original Motion Picture Soundtrack),84.151,4:48,K2Ygyt06Rpw
En Vaanilay,Jency Anthony,,,4:49,q9e9UMJiImI
"Kathal Oviyam (From ""Alaigal Oyvatillai"")",Jensy,,,4:38,MVk1uAe4U_c
Mayakkam enna Theme,Jeyasuriyaa Jeyakumar,,,2:10,vn3uJ6YPYXw
Mazhai Varum (Female),Joshua Sridhar,,,4:29,6xGyu3_JoMw
"Maya Maya [From ""Irugapatru""] (feat. Christopher Stanley & Padmapriya Raghavan)",Justin Prabhakaran;Karthik Netha,"Maya Maya [From ""Irugapatru""]",,4:11,hE_MxaE5C88
Adiyae Azhagae,Justin Prabhakaran;Sean Roldan;Padmalatha,Oru Naal Koothu (Original Motion Picture Soundtrack),79.999,4:49,4G4nWFGjoCU
Sandhikkatha Kangalil,K S Chithra,,,3:39,Nf1RcWyLaA0
Deivam Thantha,K. J. Yesudas,Aval Oru Thodarkathai (Original Motion Picture Soundtrack),90.274,4:37,X5xgvkleCVY
Senthazhampoovil,K. J. Yesudas,,,4:34,HKt5_bqNiF4
Unnai Thaney Thanjam,K. J. Yesudas,,,4:12,ETMZa9jb6kU
Thanthana Thanthana,K. J. Yesudas;Sadhana Sargam,Thavasi (Original Motion Picture Soundtrack),79.974,4:31,h34PmKNExEs
"Thanga Magan Indru Singanadai (From ""Baasha [Tamil]"")",K.J. Yesudas;K. S. Chithra,Hits Of Vairamuthu,,5:11,CRfY5_NDIKg
Kadhal Vanthathum,K.J.Jesudas,Poovellam Unn Vaasam,,5:35,ZDdXf0wu3t0
Lealakku Lealakku,K.K;sujatha,Aathi,,4:41,1rr8YSM5AZc
Mutham Mutham,KK;Mahalakshmi Iyer,12 B (Original Motion Picture Soundtrack),104.991,5:02,GvayoorAun4
Pattambuchi,KK;Rita Thyagarajan,Kavalan (Original Motion Picture Soundtrack),96.032,3:48,b_B9wovndjE
Injarango,Kamal Haasan;K. S. Chithra;Clinton Cerejo;Dominique Cerejo,Thenali,98.025,6:15,7iF3cY-t1HU
"Kanmani Anbodu Kadhalan (From ""Guna"")",Kamal Haasan;Vaali;S. Janaki;Ilaiyaraaja,Guna (Original Motion Picture Soundtrack),126.048,5:35,meYkc2jbioA
Sudupattadha,Kamal Hassan,Nala Dhamayanthi,,6:19,ydrEqU1y-pE
Aval Ulaghazhagi,Karthik,Lesa Lesa,176.977,5:09,IrigeM77rVI
En Jannalil Therivadhu,Karthik,Mozhi (Original Motion Picture Soundtrack),99.997,0:56,azLbPAPWzBU
Kan Pesum Varthaigal,Karthik,,,5:49,IavnF8pWJIc
Oru Maalai,Karthik,Ghajini (Original Motion Picture Soundtrack),111.981,5:54,7cO_n-T8RjE
Oru Ooril (Original Motion Soundtrack),Karthik,Kaakha Kaakha - The Police (Original Motion Picture),,4:40,OqfqCQyXRY4
Sada Sada,Karthik,Kavalan (Original Motion Picture Soundtrack),140.004,4:13,auB6br9WMPc
Ale Ale,"Karthik, Chitra, & Sivaraman",Boys,86.987,6:26,lmEL5Tf773U
Kavidhai Iravu,"Karthik, K.S. Chithra",Sullaan,,4:40,LE1bkZ7vk_U
Minnalgal Koothadum,Karthik;Bombay Jeyashree,Polladhavan (Orginal Motion Picture Soundtrack),110.052,6:49,xs-PmrCe8Xk
Unnaale Unnaale,Karthik;Krishh;Harini,Unnaale Unnaale (Original Motion Picture Soundtrack),101.058,4:43,DQ94bhlIJcU
Vizhi Moodi,Karthik;Prashanthini,Ayan,90.952,5:32,ZlRqAJpqj30
Yaaradu,Karthik;Suchithra,Kavalan (Original Motion Picture Soundtrack),97.032,4:25,zOZZGPM2UOE
Ilamai Ullaasam,Krish,,,2:11,HEbrwTZb3n0
Nanbane,Krish,,,4:14,2o93AQN1aDs
June Ponal,"Krish, Arun",Musical Years Of Kollywood,,6:02,1BFgdwrkp7M
Pallinginal Oru,L. R. Eswari,Vallavan Oruvan (Original Motion Picture Soundtrack),121.408,3:45,-nrnGjxOLA0
Avalukkenna,L. R. Eswari;T. M. Soundararajan,Server Sundaram,74.283,5:17,10rOyamaCUk
"En Pulse Yethitu Poriye (From ""Kavalai Vendam"")",Leon James,,,4:00,eNpZs1FZFXU
Kanne Kanne (Madras Gig),Leon James,,,3:52,QjDrX26rGps
"Un Kadhal Irundhal Podhum (From ""Kavalai Vendam"")",Leon James;Armaan Malik;Shashaa Tirupati,"Un Kadhal Irundhal Podhum (From ""Kavalai Vendam"")",,4:32,wS5iBECdwAY
Nee Tholaindhaayo,Leon James;Sid Sriram,Kavalai Vendam (Original Motion Picture Soundtrack),135.087,3:42,hUoy4KB3SHI
Yamunai Aatrile (feat. Nicky M),Luksimi Music Official,,,1:40,oet2v2_osxI
Unnakkenna Melae,M. S. Viswanathan,,,4:25,UICRjsrS7_Q
Enakkoru Kadhali,M. S. Viswanathan;S. P. Balasubrahmanyam,Muthana Muthallavo (Original Motion Picture Soundtrack),95.293,6:05,2_TwSypjxqM
Cinema Choopistha Mama,"M.M. Manasi, Malavika, Simha, and Mm Monisha",Race Gurram,92.713,4:30,kiCsar38OJo
Kan Rendum,M.S. Jones,,,2:55,XjJK1XUokbQ
Yaro Yarodi,Mahalakshmi Iyer;Vaishali;Richa Sharma,Alaipayuthey (Original Motion Picture Soundtrack),130.974,5:47,QYr1OLSm7Q8
Oru Thanga Radhathil,Malaysia Vasudevan,Dharma Yuddham (Original Motion Picture Soundtrack),119.372,4:26,8dSCb_4sAIQ
Thanga Changili,Malaysia Vasudevan;S. Janaki;Vairamuthu,Thooral Ninnu Pochu (Original Motion Picture Soundtrack),88.097,3:59,Gd2P_ONH338
Nee Mutham Onu Kodutha,Mani Sharma,,,4:26,l1Kbv2hR_JU
"Ada All Thotta Boopathi (From ""Youth"")",Mani Sharma;Kabilan;Shankar Mahadevan,Youth (Original Motion Picture Soundtrack),77,4:55,isrA3IXptPI
Hey Vetri Velaa,Mani Sharma;Naveen;Ranjith Govind;Pa. Vijay,Padikkathavan (Original Motion Picture Soundtrack),80.012,4:44,_WsDebtRCVU
Hey Rosu Rosu,Mani Sharma;Ranjith Govind;Jaey,Padikkathavan (Original Motion Picture Soundtrack),105.008,4:53,195YLBjhTHs
Aruva Meesai,Manikka Vinayagam,,,4:45,P1UHdh0ys4I
Theradi Veeethiyil Devathai,Manikka Vinayagam,,,4:56,l6R6MGqRAec
Aathangarai Maramea Adhil (Original Motion Picture Soundtrack),Mano,,,4:53,L7FCeRIyC8g
Pogiren,Mugen Rao;Prashan Sean,Pogiren,142.032,4:03,PYpHtsBoLS8
Mayilirage (Extended Version),Musicx Paradise,,,4:34,seoMrmuRK_E
Selling Dope,NA,Pudhupettai,,3:18,o1emGUJEqlM
Varriyaa - Night Life,Narayan,,,3:29,eTKAQQmBzMQ
Munbe Vaa,Naresh Iyer;Shreya Ghoshal,Sillunu Oru Kadhal,,5:58,_Z6wxp-WPjw
Mercury Poove,Nideesh Gopalan,,,4:37,iRbRFJJRpzo
Enadhuyire,Nikkil Mathew,,,4:45,IMya4fcvDiY
Thathi Thathi,Nincy Vincent,,,4:43,_9AFWQBx_sc
Kannuodu Kaanbadhalam,Nithya Sree,Jeans (Original Motion Picture Soundtrack),,5:10,QCBRrOKsiH8
Innisai Paadivarum,P Unnikrishnan Official,,,4:55,TXYkeitUDO8
Mainave Mainave,P Unnikrishnan Official,,,4:50,wujQCerYaXo
Mazhai Mazhai,P Unnikrishnan Official,,,4:56,z95_RF11RlU
Roja Poonthottam,P Unnikrishnan Official,,,4:52,N2gjtl8TXPY
Veesum Kaatrukku,P Unnikrishnan Official,,,5:00,8JdSNpGjEZI
Verenna (ivan Yaro),P Unnikrishnan Official,,,5:25,NivQ_dJVkbk
Kannum Kannum Kalanthu,"P. Leela, Jikki",Vanjikkottai Valiban,,7:58,bHiSjqZqSK0
Kaattrae En Vaasal - Wind,P. Unnikrishnan;Kavitha Subramanyam,Rhythm,,6:19,gB7CRHoed_0
Maadimele,P.B. Sreenivas,,,3:28,yqNFuuf_PpU
Ponnondru Kandaen,P.B. Sreenivas,,,3:16,p7g9B4E0yAE
Love Birds,P.Susheela Official,,,3:38,f-OYSGJArdE
Maalai Pozhuthin,P.Susheela Official,,,4:35,k2updOWY6Dk
Muthana Muthallavo,P.Susheela Official,,,2:07,_YzF-5HWGj4
Naanamo,P.Susheela Official,,,4:41,HpMshzNxdoA
Paal Polave (naalai Intha),P.Susheela Official,,,4:50,05fWLFoCXfI
Poo Malayil,P.Susheela Official,,,3:27,-WP63gkLLO8
Needhane,Pa. Vijay,,,5:12,Ofe_6YuoSwc
Ding Dong Kovil Mani Unplugged,Prabha Balakrishnan,,,1:27,qHvK44sXtT0
Chill Makkaa,Pradeep Kumar Official,,,4:15,4BqnCHAToFk
Kannamma,Pradeep Kumar Official,,,4:50,LzVNkyulU5o
Jugni,Pritam;Arif Lohar;Harshdeep Kaur,Cocktail (Original Motion Picture Soundtrack),,6:58,szrRgbjDSMs
Unakkul Naane,Pritt;dilushselva,Unakkul Naane,107.021,2:07,-XI2_610F0s
Neela Vaanam,Priya Hemesh;Kamal Haasan,Manmadan Ambu (Original Motion Picture Soundtrack),92.374,4:27,THzPkhXYLd4
Nenjodu kalandhidu,Radha Shriram,,,1:00,LcktFkGOFYc
Neeyum Naanum Anbe,Raghu Dixit;Sathyaprakash D;Jithin Raj,Imaikkaa Nodigal,,4:46,zsP1FhlrDDc
Kikku Aerudae,RajheshVaidhya,,,5:33,gBh6yEc3BkY
Vizhigalin Aruginil,Ramesh Vinayakam,Azhagiya Theeyae (Original Motion Picture Soundtrack),88.976,5:27,gpx7m_lK-zY
Malai Mangum Neram,Ranina Reddy,Rowthiram (Original Motion Picture Soundtrack),86,5:13,IMONolvzuAE
Adi Rakkamma,Ranjith Balakrishnan,,,4:24,97i4c6_ewsg
Naan Romba,Ranjith Balakrishnan,,,4:06,mjxTseV37dk
Kangal Kandadhu,Ranjith Govind  ,,,4:48,q2PnHCO9hHs
"Paraparapa Oru Ooru (From ""Bangalore Naatkal"")",Ranjith Govind  ,,,3:12,cxw3yuXCCO8
Adada Adada,Release,,,4:06,52Ezi37HxXc
Adhareeni,Release,,,5:46,GA3fYj3ECsw
Annanoda Pattu,Release,,,5:18,5eaJu1UJ2ts
Athinthom,Release,,,4:36,eTYA3zvLc3U
Bhoochadae,Release,,,4:21,icezXhjlSKQ
Chalta Parinam,Release,,,4:01,IVLsB2x89kY
Chesavu Yedo Maaya,Release,,,4:12,TTnESFsZOso
Dole Dole,Release,,,4:42,WGrjGrUQ2WM
Ettu Muzha,Release,,,4:44,Pds0zi5LMx8
Hold Me Now,Release,,,3:58,Y0gF-KP7WJE
Ichuthaa Ichuthaa,Release,,,4:34,wG9vU1t0I5E
Inthadi,Release,,,4:03,4Qg_4BZ6FtU
Jillunu Oru Kadhal,Release,,,4:19,0i_SHTQS6OE
Kadal Oru,Release,,,5:23,kmUZAKr9Uhw
Kalayil Dinavum,Release,,,4:24,w2xR8U3OPqQ
Kanaa Kaanum,Release,,,5:30,XIb8JotBbmY
Kanaa Kandenadi,Release,,,4:46,yf0tkY30-ps
Kokkarako,Release,,,6:58,s9S1_46Acuc
Kokku Para Para,Release,,,4:54,xuoTSc1Wz6Q
Manasukkulea,Release,,,5:23,UGvC32wl6PI
Mayakkum Maalai,Release,,,3:46,dzhcX3KPe1c
Mudhal Mazhai,Release,,,5:44,toKUc0mSCE8
Mudher Kanave,Release,,,5:11,CuHnHsVostg
Mukabala Mukabala,Release,,,5:24,HU2IFsxJTPo
Naaku Neeku,Release,,,5:26,Ncri-1QmSv8
Naan Nee,Release,,,4:14,Azug2MjwhHI
Neeye Unakku Raja,Release,,,4:33,_5EgCqlQDCs
"Oru Naalum (From ""Ejjaman"" )",Release,,,6:00,awS4Xtg5sk4
Oru Poiyavathu,Release,,,6:01,gLjfqiGc3-M
Paadatha Pattellam,Release,,,4:42,wU69Ka6xlc4
Parayuvaan,Release,,,3:59,b4XThVqLiwo
Poongathave Thaal,Release,,,4:21,KLuOUSmocDE
Poongatrile,Release,,,5:41,nyJMwfR9vIE
Raa Raa,Release,,,5:27,chTHQhIwxu0
Sevvanam Selaikatti,Release,,,4:44,56MHvLWJgVU
Sil Sil,Release,,,3:53,maXcm4GI6vI
Style,Release,,,5:11,FvT4FIC3pyI
The Boss,Release,,,3:19,AA_xJU0UAyQ
Thom Thom Thatikita,Release,,,5:18,JsA6A8iBTn0
Unna Vida,Release,,,6:26,jQrPdHJQxLo
Yaen Ennai Pirindhaai,Release,,,3:19,m_cMwaELo68
Adi Arabi Kadalandam (Bombay / Soundtrack Version),Remo Fernandes,,,5:17,XwI5TrhCXr8
Happy New Year (feat. Gspd & CMH),Russian Village Boys,Happy New Year,,2:43,yDUvFfO49jg
Enthan Kannil,S. Janaki,Kaviyarasu Kannadasan Tamil Film Songs,91.333,4:15,ThOV0oTz28c
Nenjinile,S. Janaki,Uyire (Original Motion Picture Soundtrack),141.979,5:02,UKKEm8NraJQ
Ninaivo Oru,S. Janaki,,,4:46,NAJuNCmiOhs
Poovarasampoo,S. Janaki,,,4:44,-4JM2oOoGqc
Putham Puthu Kaalai,S. Janaki,Alaigal Oyvatillai,120.944,4:33,xYnPknPmz_A
Vaan Meghangale,"S. Janaki, Malaysia Vasudevan",Vaan Meghangale,,4:55,xOVj0yz5a4U
Yae Paadal Ondru,S. Janaki;K. J. Yesudas,Ilaiyaraaja - The Passion Of The Early Years,109.074,4:41,E0_A1dGNKr8
Germanien Senthan,S. Janaki;S. P. Balasubrahmanyam,Guru - Ullaasapparavaigal - Sikappu Rojakkal,147.916,5:37,5quc6FAfkkw
Aasaiye Kaathule,S. P. Sailaja,Jhonny (Original Motion Picture Soundtrack),146.508,4:40,rvqMZjayb_8
Enakkoru Snehidhi,S.A. Rajkumar;Hariharan;Mahalakshmi Iyer;Vaali,Priyamaanavale (Original Motion Picture Soundtrack),171.83,4:54,3aGSN7bBU4w
Kadhal Sadugudu,S.P. Charan;Naveen,Alaipayuthey (Original Motion Picture Soundtrack),87.987,4:33,v_DnC3fjbwo
Velli Malare,S.P.Balasubramaniyam & Mahalakshmi,Jodi,,6:30,HUXkCSe-F3E
Sundari Neeve,S.P.Balasubramanyam,,,7:01,bxRccrhg7Lw
En Kanmani,"S.p. Balasubrahmanyam, P. Susheela",Vaaliba Kavingar - Vaali,,3:40,pRfoA6aIFp4
Paakatha Paakatha,SK MUZIQ,Paakatha Paakatha,,1:16,_kMliwES4_4
Andhi Mazhai Pozhikaruthu,SP Balasubrahmanyam (SpBaluofficial),,,4:36,JEkCER_BjKA
Ayiram Nilave Vaa,SP Balasubrahmanyam (SpBaluofficial),,,4:58,GyonGeOEI3E
Azhakooril,SP Balasubrahmanyam (SpBaluofficial),,,4:33,3wOtzuizb7U
Bharathi Kannamma,SP Balasubrahmanyam (SpBaluofficial),,,5:21,3elj0Sk3q1E
Devuda Devuda,SP Balasubrahmanyam (SpBaluofficial),,,5:18,YPGxr2KWNr0
Engeyum Eppodhum,SP Balasubrahmanyam (SpBaluofficial),,,6:32,0Jydo3srxUg
Ilamai Ennum Poonkaatru,SP Balasubrahmanyam (SpBaluofficial),,,4:08,5gjmeNLDnWE
Ithu Oru Ponmalai,SP Balasubrahmanyam (SpBaluofficial),,,3:54,yupbbWm2tbE
Kaadhal Rojave,SP Balasubrahmanyam (SpBaluofficial),,,5:02,efwk_hOqVeA
Kanmaniyae Kadhal Enbathu,SP Balasubrahmanyam (SpBaluofficial),,,4:23,KMVSNHl03UY
Kathalikkum Penin Kaikal,SP Balasubrahmanyam (SpBaluofficial),,,4:49,wapXKGj3WPA
Medhuva Medhuva,SP Balasubrahmanyam (SpBaluofficial),,,4:19,53yiTtMFbeg
Mun Paniya,SP Balasubrahmanyam (SpBaluofficial),,,5:41,JBZFbhTAObA
Namma Ooru,SP Balasubrahmanyam (SpBaluofficial),,,3:25,Is0vYr7u02U
Oh My Love,SP Balasubrahmanyam (SpBaluofficial),,,4:44,MUpVH7V9jqA
"Ooru Sanam Thoongidichu (From ""Mella Thirandhadhu Kadhavu"")",SP Balasubrahmanyam (SpBaluofficial),,,4:39,XeUkGUlpVNw
Orey Naal Unainaan,SP Balasubrahmanyam (SpBaluofficial),,,4:35,rRgKK6fcMpI
Oru Kadhal Devadhai,SP Balasubrahmanyam (SpBaluofficial),,,4:29,GNTFgNTUNiA
Paruvame,SP Balasubrahmanyam (SpBaluofficial),,,4:12,rejlq5WO1AM
Perai Sollavaa,SP Balasubrahmanyam (SpBaluofficial),,,4:46,00Rucseox0U
Sendhoora Poove,SP Balasubrahmanyam (SpBaluofficial),,,4:35,CXQzee1zIY4
Sorgam Madhuvile,SP Balasubrahmanyam (SpBaluofficial),,,4:35,_o0XDL5r2o4
Suthi Suthi Vandhiga Hip Hop Style,SP Balasubrahmanyam (SpBaluofficial),,,4:00,jNmeo5XKjSc
Swasamae,SP Balasubrahmanyam (SpBaluofficial),,,5:49,-2aPml4ij-U
Thayin Manikodi,SP Balasubrahmanyam (SpBaluofficial),,,4:40,70HHc7TxAe4
Vaa Vennila Unnaithane,SP Balasubrahmanyam (SpBaluofficial),,,4:40,pvIPv4N_YGE
Vaartha,SP Balasubrahmanyam (SpBaluofficial),,,4:08,AOHExQ7I9xo
Vannam Konda,SP Balasubrahmanyam (SpBaluofficial),,,5:06,qvNWTfvC1l8
Kalasala Kalasala,SS Thaman;L.R. Eswari;T. Rajendar;Solar Sai,Osthe (Original Motion Picture Soundtrack),,4:12,IgJyqtFmUt0
Uyire Uyire,Saagar;Na.Muthukumar,Santhosh Subramaniyam (Original Motion Picture Soundtrack),90.044,4:34,DeHdGFjxsws
Akkam Pakkam,Sadhana Sargam,Kireedam,119.96,5:16,dCojZqMKKrQ
Konjum Mainaakkale,Sadhana Sargam,Kandukondain Kandukondain (Original Motion Picture Soundtrack),170.954,4:43,drJHN4XLUG4
Manmadhane Nee,Sadhana Sargam,,,4:33,CiXEPJaVocw
Snehidhane,Sadhana Sargam;Srinivas,Alaipayuthey,104.034,4:53,5A7dz_T7QWA
Sakkarai Nilave,Sahi Siva,,,1:30,x6Bz5jHHvww
Thakida Thakida,Saisharan Official,,,3:50,XmjlPA_BZQA
"Yaanji (From ""Vikram Vedha"")",Sam C. S.,,,4:31,drl6h4QT9W4
Nagada Sang Dhol,Sanjay Leela Bhansali,,,4:34,wTFGQVQCGN8
Raati (Madras Gig),Santhosh Dhayanidhi,,,3:55,Bpl1a8Oty0w
"En Kadhal (From ""Andhagan"")",Santhosh Narayanan,,,4:07,w0l0xP7R27s
Endi Ippadi,Santhosh Narayanan,Enakkul Oruvan (Original Motion Picture Soundtrack),117.95,3:48,1-eMcqdhNG8
"Ennadi Maayavi Nee (From ""VadaChennai"")",Santhosh Narayanan,,,4:11,p-iwOGz86Es
Sirukki Vaasam,"Santhosh Narayanan, Anand Aravindakshan, Shweta Mohan, and Vivek",Kodi (Original Motion Picture Soundtrack),,4:35,4WSxp-9Eddw
Aval,"Santhosh Narayanan, Pradeep Kumar, Priya Hemesh, and Vivek",Manithan (Original Motion Picture Soundtrack),133.275,4:27,qT4aMYKjYto
Ei Suzhali,"Santhosh Narayanan, Vijaynarain, & Vivek",Kodi (Original Motion Picture Soundtrack),,3:38,6d3eVnF0CNg
"Bujji (From ""Jagame Thandhiram"")",Santhosh Narayanan;Anirudh Ravichander;Vivek,"Bujji (From ""Jagame Thandhiram"")",117.97,4:27,jjewYOqy13M
Neruppu Da,Santhosh Narayanan;Arunraja Kamaraj,Kabali (Original Motion Picture Soundtrack),90.04,3:37,YHV1ElWorVg
Dhinakkudha,Santhosh Narayanan;Gana Bala,Pizza (Original Motion Picture Soundtrack),123.325,3:03,Y9EbGX8JAtU
Kadhal Kappal,Santhosh Narayanan;Muthamil,Iraivi (Original Motion Picture Soundtrack),100.011,4:03,9-J8iKVH6jQ
Jigar,Santhosh Narayanan;Pradeep Kumar,Jigarthanda (Original Motion Picture Soundtrack),139.961,3:27,O2Tbzz7iMeI
Naan Nee,Santhosh Narayanan;Shakthisree Gopalan;Dhee,Madras (Original Motion Picture Soundtrack),139.905,4:13,uEyI7oAQOrY
Prabalamagavey,Santhosh Narayanan;Siddharth,Enakkul Oruvan (Original Motion Picture Soundtrack),127.997,4:50,bhdgrzZuGwo
Rasaali,Sathya Prakash,,,5:39,Yc3c3sU-vDk
"Apple Crumble (From ""Lover"")",Sean Roldan,,,2:58,0ezJzs8Ick4
Ambala Singam,Sean Roldan;Haricharan,Mundasupatti (Original Motion Picture Soundtrack),119.989,3:58,w0ageb7Y1rY
Vendum,Sean Roldan;Meenakshi Elayaraja;Horn Flakes,Vendum,145.545,4:21,dhv9m3YYoGM
Lesa Parakkudhu,Selvaganesh Vinayakram,,,4:51,24mVU4B7AwE
"Enthaaraa Enthaaraa (From ""Thirumanam Ennum Nikkah"")",Shadab Faridi,,,4:40,95VyRyyOf78
Rendu Kaadhal,Shakthisree Gopalan;Aishwarya Suresh Bindra,Kaathuvaakula Rendu Kaadhal (Original Motion Picture Soundtrack),,4:21,1UgwicmXNZM
Unnai Kaanadhu Naan,Shankar Ehsaan Loy,,,5:38,0GQBQE37BAE
Vishwaroopam,Shankar Ehsaan Loy,,,4:24,SQ_9xwh8y78
Kanne Kannin Maniye,Shankar Ganesh,,,6:13,bEJd7o2sq8s
Che Guevara,Shankar Mahadevan,,,4:41,PNjQlHTxyKg
En Anbay,Shankar Mahadevan,,,4:47,EeU9bJ3FwEA
Enna Solla Pogirai,Shankar Mahadevan,Kandukondain Kandukondain,82.013,6:00,f7Bi52YfmBI
Kathal Website Ondru,Shankar Mahadevan,,,5:35,TIPKzW3h_vQ
Machakari,Shankar Mahadevan,,,5:32,LLF0rCybnE0
Sandakozhi,Shankar Mahadevan,Sullaan,,4:51,A39M6u2_B0k
Vaadi Vaadi Naattu Katta,Shankar Mahadevan,,,4:28,RAyIVDmVez4
Vaanamunna,Shankar Mahadevan,,,5:06,KNDHRAplvO8
Kattipudi Kattipudida,Shankar Mahadevan & Vasundra Das,Kushi,,5:41,QkBmZ1mCOOY
Andru Vandhadhum,Shankar Mahadevan;Harichaan;Swetha,Kannaamoochi Enadaa,74.597,3:51,EBqfiAYd5Sg
Aasai Aasai,Shankar Mahadevan;Sujatha,Dhol,90.27,5:21,5Si1zNec6GE
Pineapple Vannathodu,Shankar Mahadevan;Sujatha,Samudhram (Original Motion Picture Soundtrack),119.959,5:12,Cn2xmeM5rmk
Thalattum Katre Vaa,Shankar Mahadevan;Vairamuthu,Poovellam Unn Vaasam (Original Motion Picture Soundtrack),102.906,6:13,UtWKVrjVirU
Putham Pudhu Kaathu,Shankar Mahadevan;Vijay Yesudas,Kannaamoochi Enadaa,,4:01,U5QeZQRtjkY
Neeya Pesiyathu,Shankar Mahadevan;Yugabharathi,Thirumalai (Original Motion Picture Soundtrack),120.02,4:37,NZ78zKuhhsw
Idhu Kadhala Mudhal Kadhala - Trap Remix,Sharan Kumar,,,1:11,YnxUW8sLnKg
Yedho Adaganaa,Shashaa Tirupati,,,6:05,ump8hsJAHbg
Enna Solla (The New Life of Tamizh),Shweta Mohan,,,3:36,l_XmMTHyxHs
Madhu Pole,Sid Sriram,,,4:22,p6bcD3cqEDU
Maruvaarthai,Sid Sriram,,,5:57,L-KkDLfaGD4
Maruvaarthai - Restrung Version,Sid Sriram,,,5:02,2RWwDQ-Obqc
Thalli Pogathey,Sid Sriram,,,4:27,JPOfr0NBDDA
Ezhu Velaikkara,Siddharth Mahadevan,,,5:04,kpliqLINAes
Sweety,Siddharth Mahadevan;Rabbit M C,Race Gurram,88.975,4:25,zdqFzE9avDM
"Usure (From ""Sivappu Manjal Pachai"")",Siddhu Kumar,,,3:40,5tjypHgfpjg
Evan Di Una Pethan,Silambarasan TR,,,5:57,THY7R_C2Efc
Varayo En Thozhi,Sonu Nigam;Harini;Vairamuthu,Jeans (Original Motion Picture Soundtrack),109.067,5:48,QNjCPC0VAf4
Pudhu Malar Thottu,Sri Ram Parthasarathi,Poovellam Unn Vaasam,,4:42,-ntE_TZAN2Y
Ayyo Ayyo,Srikanth Deva,,,5:48,t9YyaNWhq8M
Neeye Neeye II,Srikanth Deva,M. Kumaran S/O Mahalakshmi (Original Motion Picture Soundtrack),99.012,6:22,8qGGhDiqDVY
Chennai Sentamizh,Srikanth Deva;Harish Raghavendra,M. Kumaran Son Of Mahalakshmi,108.034,4:17,0azhRxCIhrU
Endrendrum Punnagai,Srinivas;Clinton;Praveen;Shankar,Alaipayuthey (Original Motion Picture Soundtrack),109.998,3:58,bIRe8UWT9cI
Elangathu,Sriram Parthasarathy,,,6:10,yb5V7csswQQ
Suttum Vizhi,Sriram Parthasarathy;Bombay Jayashri,Ghajini (Original Motion Picture Soundtrack),96.969,5:18,0VBDXF-nQEk
Ullathai Killade,Star Hits,,,5:04,ZHqm27rJxcU
Silendra Theepori,Sujatha,Thithikkuthdhe (Original Motion Picture Soundtrack),131.98,5:21,mJ1FJuM4Jjw
Arjunar Villu,Sukhwinder Singh - Official,,,4:27,JIc0b7fToA8
Avam the Theme,Sundaramurthy KS,,,2:19,VyUq9X3V-Vo
"Kaarirulae (From ""Avam"")",Sundaramurthy KS;Kamal Haasan;Madhan Karky,Avam (Original Motion Picture Soundtrack),,4:37,PDldeaou1M4
Sha la la,Sunidhi Chauhan Official,,,4:29,bx4BBCYZbFY
Appadi Podu Podu,Super Stars,Super Stars,164.787,4:47,oTil8KtUWYE
Chiku Buku Raile,Suresh Peters;Mst.G.V.Prakash Kumar,Gentleman,97.032,5:20,UO0w6S8sgo0
Thirumana Malargal,Swarnalatha;Vairamuthu,Poovellam Unn Vaasam (Original Motion Picture Soundtrack),87.938,5:24,_9vTkOnu3fk
Adi Ennadi Raakkamma,T. M. Soundararajan,,,3:40,i0wISNs_yRU
Paattum Naane,T. M. Soundararajan,Thiruvilaiyadal (Original Motion Picture Soundtrack),62.197,6:32,hyk2ex4kKfM
Puthiya Vaanam,T. M. Soundararajan,,,6:00,ij4JAo7Cc4s
Athikkai Kaai,T. M. Soundararajan;P. B. Sreenivas;P. Susheela;Jamuna Rani,Bale Pandiya,92.912,4:31,bvzW4cnVGBg
Pachchaikkili,T. M. Soundararajan;P. Susheela,Ulagam Sutrum Valiban,96.324,5:36,u5qmm4O6bNA
Varavu Ettana,T. M. Soundararajan;P. Susheela;L. R. Eswari,Bama Vijayam,93.724,5:35,QdGyXTrJqmE
En Kadhal Solla,Tanvi Shah,,,4:54,Ug9Th4kO8tM
Thean Kudika,TeeJay Arunasalam,,,4:15,q6epwofsmwY
Perinba Kadhal,Tenma;RANJ,Natchathiram Nagargirathu (Original Motion Picture Soundtrack),169.976,3:37,x7Rzebq_tTE
Down Down Duppa,Thaman S,,,3:59,WNTBc_NEeY0
Yaen Ingu Vandhaan,Thaman S;Pooja AV;Madhan Karky,Meaghamann (Original Motion Picture Soundtrack),139.989,4:10,f7rdM-K0Nlw
Neduvaali,Thaman S;Rahul Nambiar;Mahathi;Yugabharathi,Osthe (Original Motion Picture Soundtrack),105.018,4:22,wBmI4Nly4N8
Mazhaiye Mazhaiye,Thaman S;Ranjith Govind;Viveka,Eeram (Original Motion Picture Soundtrack),100.01,4:09,eNNpw3_5X7E
Dhaadikaara,Thaman S;Sudha Ragunathan;Andrea Jeremiah,Sketch (Original Motion Picture Soundtrack),83.988,5:00,prrcnCdGxu8
Unnodu Vazhatha (feat. Abinaya Sri),Thibz Se.,,,1:18,CwmSwDbHh4c
Venmathiye,Tippu,Minnalae,124.009,5:26,Tn92Ll5SThY
Poopol Poopol (instrumental),"Tippu,karthik",Minnalae,,1:57,vnewkbhC0kM
Tham Thaka,Tippu;Karthik;Na.Muthukumar,Thirumalai (Original Motion Picture Soundtrack),147.991,4:39,RvhAMkc9-c8
Something Something,Tippu;Pa. Vijay,Something Something Unakkum Enakkum (Original Motion Picture Soundtrack),170.019,5:33,uRzTUe3EQrg
Kodambakkam Area,Tippu;Shoba Chandrasekar,Sivakasi,115.034,5:30,79OMQtCBhaM
Thimsukatta,Tippu;Srilekha Parthasarathy;Pa. Vijay,Thirumalai (Original Motion Picture Soundtrack),75.981,4:11,dqlkh2gMDwQ
Theme Music,ToroJamz,,,1:06,9WumRrmHXI8
+1,Tourist;Gold Panda,+1,133.002,3:23,CvpwF2mrhl4
Phone,TreeHouse V.H.T,,,3:33,DmH-BPn0-Q0
Enthan Uyir,Udit Narayan,,,4:44,L-gp_ajRGNI
Ithanundu,Udit Narayan,,,4:28,NecNPDk2w90
Vaadiamma,Udit Narayan;Kabilan,Thirumalai (Original Motion Picture Soundtrack),188.798,5:50,7uTstF495uI
Achcho,Udit Narayan;Kavita Krishnamurthy,Shajahaan,100.992,4:28,F9zD8q6ecUo
Kaadhal Pisaasay,Udit Narayan;Sujatha,Run,,4:37,IcCY8VkemwY
Ennavale Adi Ennavale,Unni Krishnan,,,5:11,c4T-fFUXznA
Kaadhal Kaditham,Unni Menon,,,4:58,g7qlUSV-1hQ
Kannalay Miya Miya,Unni Menon,,,4:55,YU2XIzKDuRw
Minnalai Pidithu,Unni Menon,Shajahaan,141.035,4:51,Nc9ENn1WXf4
Nadhiyae Nadhiyae,Unni Menon,Rhythm,74.727,6:49,nD-L9qLYLUc
Pudhu Vellai Mazhai,Unni Menon,,,5:15,mmc-FNhZwQU
Enakke  Enakkaa,Unnikrishnan,Jeans (Original Motion Picture Soundtrack),,7:07,8haXxnwWCBs
Poovukkul,Unnikrishnan & Sujatha,Jeans (Original Motion Picture Soundtrack),,6:54,QmeNUVWir-k
Naanaga Naanillai Thaye (Version 1),Vaali,,,4:33,RMU5zLpUIWE
Tharamela Irunthena,Various Artists,,,4:41,UwfFhwkqyFw
Otha Sollaala,Velmurugan,,,3:59,pRT9WYKzqeA
Chandira Mandalathai,Vidyasagar,,,4:44,1c4BwZWgdtY
Dandana Darna,Vidyasagar,,,3:48,J6VxyrUlr7M
Ela Machi Machi (Alternate Take),Vidyasagar,,,4:35,K3Qnx6xO_PY
Kannukulle,Vidyasagar,,,4:45,YCoueQaSLck
Mounamey,Vidyasagar,,,4:39,xKvffSbQV2s
Orae Manam,Vidyasagar,,,4:46,sTSjydD9rhA
Poovaasam,Vidyasagar,,,4:30,RHNyBh4pjyo
Un Samayal Arayil,Vidyasagar,,,4:53,Gj0sDQXfMw4
Yelo Machi Machi (Pt. 1),Vidyasagar,,,4:32,k9S3PBPAVwo
Sollitharava,"Vidyasagar, Kabilan, Madhu Balakrishnan, and Sadhana Sargam",Majaa (Original Motion Picture Soundtrack),,4:41,LrXRnLnvAMI
Sudum Nilavu,"Vidyasagar, P Unni Krishnan, Harini, and Vairamuthu",Thambi (Original Motion Picture Soundtrack),,4:16,smSx9MqotCI
Thaen Thaen Thaen,"Vidyasagar, Udit Narayan, Shreya Ghoshal, and Yugabharathi",Kuruvi (Original Motion Picture Soundtrack),,3:59,eN7QyqZnNpg
Suthudhu Suthudhu,Vidyasagar;Hariharan,Kanden Kadhalai (Original Motion Picture Soundtrack),132.983,4:14,hwbrYu4JFPc
Nee Kaatru Naan Maram,Vidyasagar;Hariharan;K. S. Chithra,Nilaave Vaa (Original Motion Picture Soundtrack),97.008,5:10,IYTmFk6V2H4
Naan Varaindhu Vaitha,Vidyasagar;Hariharan;Madhushree,Jeyam Kondan (Original Motion Picture Soundtrack),131.852,4:19,0ImB09xagxk
Kabadi,Vidyasagar;Jayamoorthy;Maran,Ghilli,102.016,1:44,JS3Q4-aEo-A
Ore Oru Oorilae,Vidyasagar;Kailash Kher,Abhiyum Naanum (Original Motion Picture Soundtrack),159.941,4:52,xRqU0LJUMHY
Anbe Sivam,Vidyasagar;Kamal Haasan;Karthik,Anbe Sivam (Original Motion Picture Soundtrack),150.922,4:22,CNibXXAMeow
Olli Olli Iduppe,Vidyasagar;Karthik;Anuradha Sriram,Aathi (Original Motion Picture Soundtrack),91.012,4:29,blDYk1DF7rQ
Adicha Nethiyadi,Vidyasagar;Karthik;Swarnalatha,Villain (Original Motion Picture Soundtrack),119.97,5:23,YYvou2ZNsrs
Thamarai Poovukum,Vidyasagar;Krishnachandar;Sujatha;Vairamuthu,Pasumpon (Original Motion Picture Soundtrack),81.023,5:27,QX7mD7GqtBc
Appadi Podu,Vidyasagar;Krishnakumar Kunnath;Anuradha Sriram;Pa. Vijay,Ghilli (Original Motion Picture Soundtrack),83.965,4:52,iBkzrCxLoOM
Kundu Kundu,Vidyasagar;Krishnakumar Kunnath;Sunidhi Chauhan;Pop Shalini,Dhool (Original Motion Picture Soundtrack),134.946,4:55,lQdupLyD_8g
Vaa Vaa En Devadhai,Vidyasagar;Madhu Balakrishnan,Abhiyum Naanum (Original Motion Picture Soundtrack),112.991,4:49,diaZU8gajU4
Ippavae Ippavae,Vidyasagar;Madhu Balakrishnan;Harini,Raman Thediya Seethai (Original Motion Picture Soundtrack),124.821,4:15,SsNm1RzNf0E
"Soora Thenga (From ""Ghilli"")",Vidyasagar;Na. Muthukumar;Tippu,Kollywood Songs of Tippu,,4:03,wy38jEMvDqc
Madurai Veeran,Vidyasagar;Paravai Muniyamma,Dhool (Original Motion Picture Soundtrack),109.43,3:21,eauJy3zTOT8
"Thottu Thottu Pesum (From ""Edhirum Pudhirum"")",Vidyasagar;Pushpavanam Kuppusamy;Swarnalatha,Edhirum Pudhirum (Original Motion Picture Soundtrack),95.006,4:44,ZI05Uh7Z68A
Palaanadhu Palaanadhu,Vidyasagar;Rajalakshmi,Kuruvi,128.951,4:11,bhcw2_SxCXA
Aadiyala Kathadicha,Vidyasagar;S. P. Balasubrahmanyam,Villain (Original Motion Picture Soundtrack),123.095,1:30,uyeQWMWjVlk
Malare,Vidyasagar;S. P. Balasubrahmanyam;S. Janaki;Vairamuthu,Karna (Original Motion Picture Soundtrack),111.011,5:05,xAHRh6-OOrs
Thappu Thandaa!,Vidyasagar;Shankar Mahadevan;Sujatha,Villain (Original Motion Picture Soundtrack),101.975,4:44,nY1sHrxz5dk
Venpanju,Vidyasagar;Udit Narayan;Karthik,Kanden Kadhalai (Original Motion Picture Soundtrack),102.017,4:54,UpMkCZ9mmfY
Pathinettu Vayasil,Vidyasagar;Udit Narayan;Sadhana Sargam,Villain (Original Motion Picture Soundtrack),125.048,5:22,OTogHfl386c
Kokkara Kokkarakko,Vidyasagar;Udit Narayan;Sujatha,Ghilli (Original Motion Picture Soundtrack),92.966,4:36,6JJmg7ph47g
Poo Vaasam,Vidyasagar;Vijay Prakash;Sadhana Sargam,Anbe Sivam (Original Motion Picture Soundtrack),132.747,4:27,MuxaZeR0thQ
Ranjithame,Vijay,,,4:48,rd1bbljtpds
Nakka Mukka (LoFi),Vijay Antony,,,6:28,lxp-qQTEylw
Kadhalikka,Vijay Antony;Emcee Jezz;Naresh Iyer;Andrea Jeremiah;Sharmila,Vedi (Original Motion Picture Soundtrack),120.001,4:36,ikfnjJ2SYrc
Chinna Thamarai,Vijay Antony;Krishh;Suchitra;Viveka,Vettaikaaran (Original Motion Picture Soundtrack),103.994,4:33,7lWzL_VBano
Thavani Pootta,Vijay Yesudas;Srerayakoshi,Sandakozhi (Original Motion Picture Soundtrack),165.008,4:23,GWicf3QRo0o
Njan Chendena,Vijay Yesudas;Swetha,Bahubali (Original Motion Picture Soundtrack),154.08,5:32,RdaIHU4aO_c
Kannalane,Vijayalakshmi Bhaskar,,,2:25,8453jc5h0XE
Azhagiya Soodana Poovey,Vijaynarain Rangarajan,,,4:40,5e0s0zm57r4
Kanave Kanave (Original Motion Picture Soundtrack),Vikram,Sketch (Original Motion Picture Soundtrack),,5:04,teOBicyYc40
Chennai Pattanam,Vineeth Sreenivasan;Arya Mohandas,Oru Vadakkan Selfie,140.033,2:35,Gw9ss87UzBY
"Shoot the Kuruvi (From ""Jil Jung Juk"")",Vishal Chandrashekhar,,,4:23,eZNdc0DkY4c
Domer-U Lord-U,Vishal Chandrashekhar;Anthony Daasan;Kavita Thomas,Jil Jung Juk (Original Motion Picture Soundtrack),170.036,2:57,wvt5ShsbJmQ
Thug Le,Vishal Dadlani,,,3:39,zAPSCawQ6CM
Aaraadhike,Vishnu Vijay,,,6:01,NqvlLQHZQgw
Theme Song,Viva Girls,Manmadha,,2:32,nGv0wy0Zt-4
Neeyae,Vivek - Mervin;Arijit Singh;Mervin Solomon,Pugazh (Original Motion Picture Soundtrack),149.712,4:42,zCj02sjq9kA
"Nenjukulle Nee (From ""Vadacurry"")",Vivek Mervin,,,4:59,Ljb_jXfPSM0
"Sandakari Neethan (From ""Sangathamizhan"")",Vivek Mervin,,,4:10,iST1Jsmecps
Mayilrage - Anbe Aaruyire (Unplugged),Vj Musiq,Mayilrage - Anbe Aaruyire (Unplugged),,2:16,5k_fXqh5D6k
Billa 2 Theme,Yuvan Shankar Raja,Billa 2 (Original Motion Picture Soundtrack),139.958,1:55,kXnUueeKedY
Dhol Bhaje,Yuvan Shankar Raja,,,4:27,NlT72OYQuSs
En Kannodu (Lofi Flip),Yuvan Shankar Raja,,,2:08,4vofsj3qzkE
"Eppadio Maatikiten (From ""Siva Manasula Sakthi"")",Yuvan Shankar Raja,,,4:49,hiO6H-tDXA8
Goa (Club Mix),Yuvan Shankar Raja,,,5:07,8DZbHp_Kny8
Hey Sala,Yuvan Shankar Raja,,,5:04,alDTr4xsl6o
Idhu Kaadhala,Yuvan Shankar Raja,Thulluvadho Ilamai (Original Motion Picture Soundtrack),132.971,4:31,jucmE-_8Yn8
Im Back,Yuvan Shankar Raja,Billa (Original Soundtrack),139.93,0:42,f087aSLy2iM
Kadhal Vanthirichu,Yuvan Shankar Raja,,,4:26,DhQauG_Qtuo
Kanne Un Kadhal,Yuvan Shankar Raja,Idhu Namma Aalu (Original Motion Picture Soundtrack),150.087,4:32,9AtY9ToeNok
Love,Yuvan Shankar Raja,Siva Manasula Sakthi (Original Soundtrack),144.808,0:26,LmlIUax4ZFg
Naan Aval Illai,Yuvan Shankar Raja,,,4:36,bCErcL18-4Y
"Neethane Enadhu Thozhamai (From "" Mr. Zoo Keeper"")",Yuvan Shankar Raja,,,4:40,6WpgZ3EWv6Q
Odum Varayil,Yuvan Shankar Raja,,,4:26,w9tzqcOianA
Oru Naalil,Yuvan Shankar Raja,,,6:26,ETkQjUi7dXc
Pogadhe,Yuvan Shankar Raja,Deepavali (Original Motion Picture Soundtrack),80.152,5:30,4gnN89J6xAs
"Saachitale (From ""Love Today"")",Yuvan Shankar Raja,,,3:59,RGMx-1YjD-g
Semma Botha Aagathey,Yuvan Shankar Raja,Semma Botha Aagathey (From 'Semma Botha Aagathey'),159.995,2:58,hFY3ZR1Zf_M
Theme Music,Yuvan Shankar Raja,Billa (Original Motion Picture Soundtrack),139.991,1:45,iZNKkdndAWs
Therikkudhu Masss,Yuvan Shankar Raja,,,4:44,hRIJzwO5PXk
Thoduvaen,Yuvan Shankar Raja,,,5:48,x_93vvnLvMg
Vallava Ennai,Yuvan Shankar Raja,,,6:29,UsU8G81ggT4
When Love Rises With Emotion,Yuvan Shankar Raja,Siva Manasula Sakthi (Original Soundtrack),100.252,2:03,uDeK50TwnYg
Yedhe Dho,Yuvan Shankar Raja,,,4:17,3rft6jFnyMw
Anbae Peranbae,"Yuvan Shankar Raja, Sid Sriram, Shreya Ghoshal, and Uma Devi",NGK (Original Motion Picture Soundtrack),89.956,4:30,pTHmr_D6sWg
"Timeless Love (From ""Custody"") (Tamil)","Yuvan Shankar Raja,Kapil Kapilan","Timeless Love (From ""Custody"") (Tamil)",,4:10,_6wQfQmC50s
Idhu Varai,Yuvan Shankar Raja;Ajesh;Andrea Jeremiah;Gangai Amaran,Goa (Original Motion Picture Soundtrack),77.514,4:44,2go3FwNMP70
Theeratha Vilaiyattu,Yuvan Shankar Raja;Andrea Jeremiah;Tanvi Shah;Ranjith Govind;Vinaita Sivakumar,Theeratha Vilayaatu Pillai (Original Motion Picture Soundtrack),130.011,4:55,hXCXXbB3SOw
Suttamla Soosi,Yuvan Shankar Raja;Anurag Kulkarni;Sri Harsha Emani,Gangs Of Godavari,121.954,3:22,9WJDYy-9zAE
Naan Meendum,Yuvan Shankar Raja;Deepika Varadarajan,Billa (Original Motion Picture Soundtrack),140.03,4:45,snVTWFgy0CY
Vandha Kadha,Yuvan Shankar Raja;Gana Bala,Vai Raja Vai (Original Motion Picture Soundtrack),66.484,3:32,s0Ds91sP_Ok
Kaadhal Endral,Yuvan Shankar Raja;Gangai Amaran,Goa (Original Motion Picture Soundtrack),129.932,1:27,RBjxvFm9DvY
Ottraikkannale,Yuvan Shankar Raja;Haricharan;Suchitra,Vel (Original Motion Picture Soundtrack),99.973,4:04,hwLu87rWMH8
"Thuli Thuli (From ""Paiya"")",Yuvan Shankar Raja;Haricharan;Tanvi Shah;Na.Muthukumar,All About Love: Yuvanshankar Raja,92.021,4:43,JrkeEoF70sg
Venmegam,Yuvan Shankar Raja;Hariharan;Na.Muthukumar,Yaaradi Nee Mohini (Original Motion Picture Soundtrack),114.945,4:34,u-OyizDoyFw
Adada Vaa,Yuvan Shankar Raja;Ilaiyaraaja;Andrea Jeremiah;SUVI,Sarvam,169.994,4:33,iTmgief_iIw
Angry Bird,Yuvan Shankar Raja;Jithin Raj,Irumbuthirai (Original Motion Picture Soundtrack),99.98,2:05,9MaTokx3xKw
Oru Naalaikkul,Yuvan Shankar Raja;Karthik;Rita Thyagarajan;Na.Muthukumar,Yaaradi Nee Mohini (Original Motion Picture Soundtrack),119.969,5:40,zNssTfUMaPA
Goa,Yuvan Shankar Raja;Krishh;Ranjith Govind;Tanvi Shah;Suchitra,Goa (Original Motion Picture Soundtrack),129.983,4:40,RacDhuI_WIs
Pachchai Vanna,Yuvan Shankar Raja;Madhan Karky,Vai Raja Vai (Original Motion Picture Soundtrack),120.031,4:15,vzrbuWGnbI4
Where Is the Party,Yuvan Shankar Raja;Mukesh;Priyadharshini;Silambarasan TR,Silambattam (Original Motion Picture Soundtrack),135.805,5:18,o3QMufOwuE8
Yedho Ondru Ennai,Yuvan Shankar Raja;Na.Muthukumar,Paiya (Original Motion Picture Soundtrack),119.98,3:33,gyfizhTrLrQ
"Eno Kangal (From ""Kalvanin Kadhali"")",Yuvan Shankar Raja;Na.Muthukumar;Sadhana Sargam,Kalvanin Kadhali (Original Motion Picture Soundtrack),109.998,5:30,Z5D3flwCfg0
Azhagho Azhaghu,Yuvan Shankar Raja;Naresh Iyer,Samar (Original Motion Picture Soundtrack),108.039,4:50,Dr_1s3mwOgc
En Kannodu,Yuvan Shankar Raja;Nidesh Gopalan,Arinthum Ariyamalum (Original Motion Picture Soundtrack),134.995,3:24,6J5HgnU_Wf8
Kannai Vittu,Yuvan Shankar Raja;Pa. Vijay,Pattiyal (Original Motion Picture Soundtrack),76.992,2:27,QsLOXFVZDz8
Vethalaiya Potendi,Yuvan Shankar Raja;Pa. Vijay;Shankar Mahadevan,Billa (Original Motion Picture Soundtrack),120.021,4:22,iqU9C0R6ITw
Seval Kodi,Yuvan Shankar Raja;Pa. Vijay;Vijay Yesudas,Billa (Original Motion Picture Soundtrack),131.034,4:52,TfdKurHaYlE
Adada Mazhaida,Yuvan Shankar Raja;Rahul Nambiar;Saindhavi;Na.Muthukumar,Paiya (Original Motion Picture Soundtrack),120.004,4:27,k7NfhqqlA0c
Unakkulle Mirugam,Yuvan Shankar Raja;Ranjith Govind,Billa 2 (Original Motion Picture Soundtrack),149.945,4:18,BsHfA8Ou3U0
"Oru Devathai (From ""Vaamanan"")",Yuvan Shankar Raja;Roop Kumar Rathod;Na.Muthukumar,All About Love: Yuvanshankar Raja,120.019,4:56,bTdDI00LRrs
En Jannal Vandha,Yuvan Shankar Raja;Roshini;Priya Hemesh;Divya Vijay,Theeratha Vilayaatu Pillai (Original Motion Picture Soundtrack),124.983,4:43,NfAA9FAaO7M
Hey Baby,Yuvan Shankar Raja;Shankar Mahadevan,Aegan (Original Motion Picture Soundtrack),,4:34,6mI19J1s6aA
Silambattam,Yuvan Shankar Raja;Shankar Mahadevan,Silambattam (Original Motion Picture Soundtrack),79.85,5:03,ujwjRyUMMLg
Loosu Pennae,Yuvan Shankar Raja;Silambarasan TR;Blaze,Vallavan (Original Motion Picture Soundtrack),191.943,6:51,s2si0jeYk00
Ammadi Aathadi,Yuvan Shankar Raja;Silambarasan TR;T. Rajendar;Suchitra,Vallavan (Original Motion Picture Soundtrack),161.773,5:30,9DT4CW4UmVM
"Kadhal Aasai (From ""Anjaan"")",Yuvan Shankar Raja;Sooraj Santhosh;Kabilan,My Playlist: Yuvanshankar Raja,73.226,5:03,MYQ4X52bZ2Y
"Aanandha Yaazhai (From ""Thangameenkal"")",Yuvan Shankar Raja;Sriram Parthasarathy,Take 10: Yuvanshankar Raja,120.011,3:37,k0yPQb08wkU
Gangster,Yuvan Shankar Raja;Stefny,Billa 2 (Original Motion Picture Soundtrack),121.993,4:07,jYHS4llPbpc
Iragai Poley,Yuvan Shankar Raja;Tanvi Shah,Naan Mahaan Alla (Original Motion Picture Soundtrack),115.004,5:17,RI2VQ8FIFVw
Engeyo Paartha,Yuvan Shankar Raja;Udit Narayan;Na.Muthukumar,Yaaradi Nee Mohini (Original Motion Picture Soundtrack),119.994,5:20,JLWQ_mMGXI0
Kaadhal Vaithu,Yuvan Shankar Raja;Vijay Yesudas,Deepavali (Original Motion Picture Soundtrack),100.217,5:09,kROB184hbsA
Machaan Machaan,Yuvanshankar Raja,Silambattam (Original Motion Picture Soundtrack),,5:25,6vrBoLtuiKc
